Fold,Epoch,Train Loss,Train Acc,Train F1,Val Loss,Val Acc,Val F1,Val Precision,Val Recall
1,1,0.9629046889238579,0.5436785845927018,0.4571074766287887,0.9266835689544678,0.5761589403973509,0.5395009506309894,0.5832535885167464,0.5761589403973509
1,2,0.876334990179816,0.5886472539624032,0.563695264376732,0.841666066646576,0.6390728476821192,0.634132686648624,0.6428319444004351,0.6390728476821192
1,3,0.8178818267445231,0.6144489495023959,0.5975937987661707,0.7831298828125,0.6854304635761589,0.685528162956216,0.6870711386455886,0.6854304635761589
1,4,0.7821168747059134,0.6387762624401032,0.6297185136181592,0.7756095290184021,0.6754966887417219,0.6726304986827336,0.6829325250187439,0.6754966887417219
1,5,0.7550039790397467,0.6649465536306671,0.654341811494945,0.7189050555229187,0.7152317880794702,0.7128836636112077,0.7202751269725892,0.7152317880794702
1,6,0.7349132895469666,0.6708440840398083,0.6625508400641902,0.7257441997528076,0.6854304635761589,0.6852977436830796,0.6933047755445453,0.6854304635761589
1,7,0.7056948140610096,0.6881680796166605,0.6824428320915803,0.7369584918022156,0.6986754966887417,0.6964791197218685,0.707866693852418,0.6986754966887417
1,8,0.7053866816121478,0.6859565057132326,0.6804752632979215,0.732290506362915,0.6688741721854304,0.6697180724215256,0.6828368710998567,0.6688741721854304
1,9,0.6784074271834174,0.7040176925912274,0.699074668873878,0.7113031268119812,0.6788079470198676,0.6789780590746642,0.690995123785984,0.6788079470198676
1,10,0.6650040898212167,0.7172871360117951,0.7138310837020341,0.7371042132377624,0.652317880794702,0.650910742542343,0.6723673023293204,0.652317880794702
1,11,0.6493887679521427,0.7139697751566532,0.709607301078271,0.6974586248397827,0.695364238410596,0.6973050720565791,0.7158161277756135,0.695364238410596
1,12,0.6382062650004099,0.7117582012532252,0.7076266011761013,0.6901999354362488,0.7019867549668874,0.7029374663772794,0.7058142149158855,0.7019867549668874
1,13,0.6298203017822531,0.7165499447106524,0.7130561192109417,0.675599730014801,0.6854304635761589,0.6777784374897132,0.6906653766180695,0.6854304635761589
1,14,0.6102209375348202,0.7312937707335053,0.7285200690522635,0.6495464265346527,0.7185430463576159,0.7192719431780631,0.7211573600802011,0.7185430463576159
1,15,0.5982587801855664,0.7412458532989311,0.7382463593510036,0.6370360732078553,0.7119205298013245,0.7120309050772626,0.7122658565667763,0.7119205298013245
1,16,0.593716983185258,0.7430888315517877,0.7397685237456751,0.6800934553146363,0.7152317880794702,0.715241126682152,0.7202277063206958,0.7152317880794702
1,17,0.5854688418465991,0.7441946185035017,0.7409396579618737,0.6968551754951477,0.695364238410596,0.6955130958554816,0.7063472521333911,0.695364238410596
1,18,0.5617808789707893,0.7629929966826391,0.7606810114991164,0.6496266841888427,0.7185430463576159,0.7191217589146798,0.7248179165645812,0.7185430463576159
1,19,0.5514797214851823,0.7615186140803538,0.7595477249974106,0.6346585571765899,0.7185430463576159,0.7192824097056527,0.7223441483991306,0.7185430463576159
1,20,0.5514458542646363,0.7644673792849245,0.7617656176108736,0.7450314283370971,0.6920529801324503,0.6923631278022294,0.706346578366446,0.6920529801324503
1,21,0.5375663589599521,0.7626244010320679,0.7606302030254563,0.6254179120063782,0.7350993377483444,0.735128298794852,0.735240823097989,0.7350993377483444
1,22,0.5198242255421572,0.7795798009583487,0.7776718046993834,0.7016914248466491,0.6920529801324503,0.6933310543985143,0.7151876612703802,0.6920529801324503
1,23,0.5088369326536045,0.7792112053077773,0.7773318053851596,0.6080607831478119,0.7450331125827815,0.7445135742692263,0.7449891444561817,0.7450331125827815
1,24,0.5044482974118965,0.7792112053077773,0.777910051577703,0.6106531500816346,0.7516556291390728,0.750337641487551,0.7512371053588893,0.7516556291390728
1,25,0.4914744343868522,0.7810541835606339,0.7790099040428045,0.7086514592170715,0.7052980132450332,0.7043570624167333,0.7146641275459771,0.7052980132450332
1,26,0.487360103878864,0.794692222631773,0.7931231177420646,0.6560710310935974,0.7251655629139073,0.7245111836812062,0.7250621306847801,0.7251655629139073
1,27,0.4798051985197289,0.8002211573903428,0.7988873629531494,0.6585159242153168,0.7483443708609272,0.7478069374372878,0.751836792945586,0.7483443708609272
1,28,0.47114680187646735,0.8005897530409141,0.7996035561020146,0.6235879123210907,0.7450331125827815,0.7440530869472335,0.744353433160808,0.7450331125827815
1,29,0.4789243680100108,0.8016955399926281,0.8001335651933879,0.6911175131797791,0.7384105960264901,0.7389699843351242,0.7493527995183623,0.7384105960264901
1,30,0.4571949243545532,0.8064872834500553,0.805154871842125,0.6723023414611816,0.7549668874172185,0.7557913076298217,0.7647230735160988,0.7549668874172185
1,31,0.4259928956974384,0.8297088094360486,0.8291740485537503,0.6878288090229034,0.7516556291390728,0.7500569044096734,0.7517952213998181,0.7516556291390728
1,32,0.45462264571078986,0.807224474751198,0.8061309936164707,0.7528672456741333,0.7218543046357616,0.7221090479014791,0.7365376012915964,0.7218543046357616
1,33,0.43609112015990326,0.8201253225211943,0.8194058267355996,0.8167118310928345,0.7019867549668874,0.7013522571044271,0.7120529242269348,0.7019867549668874
1,34,0.403388159912686,0.8330261702911905,0.8319671651393067,0.7794291973114014,0.7152317880794702,0.7166559125649317,0.7316349877366726,0.7152317880794702
1,35,0.42605054655740426,0.8101732399557685,0.8095743594179018,0.7585424482822418,0.7317880794701986,0.733989185690845,0.7516905867044726,0.7317880794701986
1,36,0.3941573930341144,0.8271286398820494,0.8266000891285892,0.6630480289459229,0.7450331125827815,0.7443915143391476,0.7458631171379515,0.7450331125827815
1,37,0.3803659019082092,0.8359749354957612,0.8354479021042004,1.0225860118865966,0.652317880794702,0.6403551097545198,0.675493122609905,0.652317880794702
1,38,0.39855944902397866,0.8337633615923332,0.8330652791556253,0.796066963672638,0.7350993377483444,0.7322269777463221,0.7385846546593839,0.7350993377483444
1,39,0.3841375660064609,0.8440840398083302,0.8436055511098833,0.7102762460708618,0.7549668874172185,0.7549464724994642,0.7568121014008083,0.7549668874172185
1,40,0.3486932886894359,0.8599336527828971,0.859469877155751,0.6857999801635742,0.7450331125827815,0.7454366666562589,0.74902697330916,0.7450331125827815
1,41,0.3206530182167541,0.8603022484334685,0.8599862352079005,0.7500340580940247,0.7251655629139073,0.723149459607753,0.7318407505986951,0.7251655629139073
1,42,0.32401231173859085,0.8673055657943236,0.8670412270901537,0.75618816614151,0.7516556291390728,0.7520852605462899,0.7577259334201287,0.7516556291390728
1,43,0.31191708459410555,0.8647253962403244,0.8645379870885317,0.8117396354675293,0.7350993377483444,0.7342503473396716,0.7426308271653032,0.7350993377483444
1,44,0.2958300342393476,0.877994839660892,0.8777586641059685,0.8172101736068725,0.7218543046357616,0.7224410076933883,0.7307703843520869,0.7218543046357616
1,45,0.2929369129760321,0.8835237744194618,0.8831579726777089,0.835289466381073,0.7251655629139073,0.7236280723674073,0.7261333461304668,0.7251655629139073
1,46,0.2845769621605097,0.8783634353114633,0.8780491847166538,0.7549201369285583,0.7516556291390728,0.7508923334502263,0.7526821476423547,0.7516556291390728
1,47,0.27625166780726856,0.8912642830814597,0.8910880293436351,0.8093598127365113,0.7350993377483444,0.7353322819211164,0.7373496418434924,0.7350993377483444
1,48,0.27448786136715914,0.8861039439734612,0.8858538260512464,0.798101282119751,0.7152317880794702,0.7140706108179793,0.720765085699001,0.7152317880794702
1,49,0.2865246776924577,0.8849981570217471,0.8848493920300564,0.9622772336006165,0.7019867549668874,0.6946627823645793,0.7252169072092822,0.7019867549668874
1,50,0.299546537704246,0.8746774788057501,0.8744308344876048,0.7778311371803284,0.7483443708609272,0.7488734476649953,0.751713649272467,0.7483443708609272
1,51,0.264513356394546,0.8986361960928861,0.8984687915756623,0.921640419960022,0.7086092715231788,0.7073065370413139,0.7163428673362447,0.7086092715231788
1,52,0.2702603631241377,0.8938444526354589,0.89363051155453,0.8557331681251525,0.7384105960264901,0.7382985090720434,0.7424940361746066,0.7384105960264901
1,53,0.26164107821708504,0.8934758569848876,0.893354256468496,0.8672582268714905,0.7350993377483444,0.7350020681577971,0.7417821827088815,0.7350993377483444
1,54,0.2498730878497279,0.8971618134906008,0.896955258550224,0.9011226534843445,0.7119205298013245,0.711431959738323,0.7194153198089999,0.7119205298013245
1,55,0.23209109261285427,0.9012163656468853,0.9010081316711793,0.9133352041244507,0.7218543046357616,0.7222014526810511,0.7343596800550443,0.7218543046357616
1,56,0.22340580994306608,0.9093254699594545,0.9092653854137129,0.9154985547065735,0.7218543046357616,0.7217287680114769,0.7333057247611361,0.7218543046357616
1,57,0.1958001207473666,0.925912274235164,0.925862158641498,0.9278593420982361,0.7317880794701986,0.7314475885999766,0.7383558177694911,0.7317880794701986
1,58,0.20275875423536743,0.914485809067453,0.9143991601024036,0.9278787612915039,0.7549668874172185,0.7545643515627156,0.7580305178310742,0.7549668874172185
1,59,0.19466499395148698,0.9237007003317361,0.9236657623032246,0.8892530083656311,0.7450331125827815,0.7442129446617576,0.7467242662318966,0.7450331125827815
1,60,0.20686996346989342,0.9126428308145964,0.912607489731003,0.9477820992469788,0.7284768211920529,0.7269399640449554,0.7315213236038184,0.7284768211920529
2,1,0.9780819305153781,0.5311463324732768,0.42401696866521116,1.1069289445877075,0.28807947019867547,0.20819364923291794,0.47825021740584656,0.28807947019867547
2,2,0.8562387824058533,0.5908588278658312,0.5588628439290688,1.072646701335907,0.4105960264900662,0.38849065178989245,0.5712686903588142,0.4105960264900662
2,3,0.8022048417911973,0.6336159233321047,0.6197273501512337,0.9409920930862427,0.5364238410596026,0.5357419659698254,0.6085525002334198,0.5364238410596026
2,4,0.7731999408367068,0.6420936232952451,0.6313021450135838,0.8492152094841003,0.6456953642384106,0.6411426732565219,0.6557246349219368,0.6456953642384106
2,5,0.7404261896776598,0.6638407666789532,0.6571149077367909,0.8830356240272522,0.5695364238410596,0.5737663164076862,0.6145184574088317,0.5695364238410596
2,6,0.7190340688062269,0.6774788057500921,0.670728169330838,0.8925363421440125,0.5562913907284768,0.5579869483820771,0.5951832306804655,0.5562913907284768
2,7,0.706347008084142,0.6822705492075194,0.6767641287558158,0.9085468649864197,0.5794701986754967,0.5772782243869305,0.6148640222969649,0.5794701986754967
2,8,0.6790123512578565,0.7025433099889421,0.6975820587399066,0.9638758659362793,0.5629139072847682,0.5672683720457883,0.619331527349115,0.5629139072847682
2,9,0.675012702165648,0.6999631404349429,0.6964038533990959,0.8692350625991822,0.5960264900662252,0.5957191241776945,0.6305588500690992,0.5960264900662252
2,10,0.6527264270671579,0.7084408403980833,0.7038311496095538,0.8783114075660705,0.5993377483443708,0.6017043572798478,0.6385532946405129,0.5993377483443708
2,11,0.6446371473545252,0.7176557316623664,0.7136729799038678,1.2422688007354736,0.4768211920529801,0.46977332964042334,0.6214327990530121,0.4768211920529801
2,12,0.6299129537371702,0.7202359012163656,0.7172665623848479,0.8248075008392334,0.6622516556291391,0.6627204931645914,0.6750539299762838,0.6622516556291391
2,13,0.6219087707441907,0.7323995576852194,0.7296050355178229,0.8422257542610169,0.6026490066225165,0.6018621202776078,0.6214742063313774,0.6026490066225165
2,14,0.618695470482804,0.7180243273129377,0.7140892378156977,0.8824660062789917,0.6357615894039735,0.637872428454467,0.6608749158904983,0.6357615894039735
2,15,0.6100110612636389,0.7368227054920752,0.7341999536624971,0.8835273504257202,0.5927152317880795,0.5934513625413004,0.63460630368351,0.5927152317880795
2,16,0.5839630968348924,0.7427202359012164,0.7398008791570282,0.8937960386276245,0.6158940397350994,0.6181957528066876,0.6694944587731497,0.6158940397350994
2,17,0.5772394004256226,0.7438260228529303,0.7410130720229636,0.8810974597930908,0.6324503311258278,0.6318778558648765,0.6758236580061995,0.6324503311258278
2,18,0.576397567987442,0.7537781054183561,0.7508453501867871,0.9095900297164917,0.5960264900662252,0.5998370228590433,0.6532982553063733,0.5960264900662252
2,19,0.5655009060405022,0.7574640619240693,0.7558315072134734,0.7720471858978272,0.6986754966887417,0.6988171916130055,0.6991801536990474,0.6986754966887417
2,20,0.5434178127798923,0.7582012532252119,0.7561316212545027,0.9202170133590698,0.6556291390728477,0.6589346372701242,0.6809848328441401,0.6556291390728477
2,21,0.5495325389296509,0.7626244010320679,0.7602487379801189,0.9292435765266418,0.6059602649006622,0.609408653433986,0.6627061739644521,0.6059602649006622
2,22,0.5226676997750305,0.771839292296351,0.7704674762088511,0.9044168710708618,0.6125827814569537,0.6148351124838839,0.6587160496631944,0.6125827814569537
2,23,0.528640785189562,0.7655731662366384,0.763613342837052,0.8744782328605651,0.6589403973509934,0.6589967383217762,0.6809038417595121,0.6589403973509934
2,24,0.5055891774421515,0.7766310357537781,0.775013693006551,0.8954532861709594,0.6225165562913907,0.620051546346483,0.6630974177824562,0.6225165562913907
2,25,0.48676213899324106,0.7943236269812016,0.7931281757354518,0.9117059946060181,0.6490066225165563,0.6518817871576916,0.686349336784761,0.6490066225165563
2,26,0.49402165343595106,0.7784740140066347,0.7773280162226726,0.8941695213317871,0.6589403973509934,0.6602096374843021,0.6919349643058126,0.6589403973509934
2,27,0.4792213287464408,0.7957980095834869,0.7945282111215418,0.8081764698028564,0.7185430463576159,0.7183418552083167,0.7191815341094348,0.7185430463576159
2,28,0.4607420529043952,0.8068558791006266,0.8057648742309096,0.9505834579467773,0.6357615894039735,0.6373747506750075,0.6625757307572818,0.6357615894039735
2,29,0.4660386221353398,0.7965352008846296,0.7954615728440712,0.8353748559951782,0.6821192052980133,0.6825514974201602,0.6891867440039382,0.6821192052980133
2,30,0.45647138565085654,0.8090674530040546,0.8081520359155238,0.8665332317352294,0.6920529801324503,0.6940017613433577,0.7045659664792486,0.6920529801324503
2,31,0.4549453106037406,0.80501290084777,0.8040940669569974,0.9075832605361939,0.652317880794702,0.6523499666307305,0.6623279033095388,0.652317880794702
2,32,0.45451086898182713,0.8053814964983413,0.8043323132363593,1.0633100986480712,0.6324503311258278,0.6305912425480211,0.6828640007604804,0.6324503311258278
2,33,0.41321558176085005,0.8234426833763362,0.8228262809314103,0.897422730922699,0.6556291390728477,0.656135025754231,0.670101901536106,0.6556291390728477
2,34,0.41139252033344537,0.8286030224843347,0.827759289789579,0.8757251381874085,0.6821192052980133,0.6839371669269598,0.6903969589959489,0.6821192052980133
2,35,0.4175945884266565,0.8274972355326207,0.8266376076765786,0.8880493998527527,0.7152317880794702,0.7138314903862903,0.7192822004080283,0.7152317880794702
2,36,0.3730827147184416,0.8485071876151862,0.8481392789193694,0.9012449383735657,0.7086092715231788,0.7103595423428982,0.7236760849752888,0.7086092715231788
2,37,0.3477614629407262,0.8544047180243273,0.8536872082693411,0.8806412220001221,0.7019867549668874,0.7026190787808985,0.7073427145171075,0.7019867549668874
2,38,0.3542372334835141,0.8433468485071877,0.8429150117449649,0.9160667896270752,0.7052980132450332,0.7069670751813624,0.714554060525363,0.7052980132450332
2,39,0.34674980924573057,0.8555105049760413,0.8551521041485385,0.8635086178779602,0.7119205298013245,0.7128188088343345,0.7199334706979351,0.7119205298013245
2,40,0.33831186315347983,0.8503501658680428,0.8500688774186556,0.9224429607391358,0.7152317880794702,0.7157113320628483,0.7179279791926114,0.7152317880794702
2,41,0.3221155987229458,0.8661997788426097,0.8657928344592052,1.0403660655021667,0.6490066225165563,0.6483536128426916,0.6703372956254531,0.6490066225165563
2,42,0.3238849431969399,0.8636196092886104,0.8632341229108023,0.9958452820777893,0.6821192052980133,0.6823899619438502,0.694607930700646,0.6821192052980133
2,43,0.3278913362774738,0.8595650571323259,0.8592904428066093,0.9179422974586486,0.7119205298013245,0.7126471563582998,0.7150541320739997,0.7119205298013245
2,44,0.30279359567997066,0.8720973092517508,0.8718175089311822,0.981213366985321,0.695364238410596,0.6962463841061451,0.7020472361962649,0.695364238410596
2,45,0.31664336490076644,0.875783265757464,0.8755413189136408,0.9183577179908753,0.7218543046357616,0.7225104525894956,0.7253840907522248,0.7218543046357616
2,46,0.3088016139213429,0.8720973092517508,0.8719229347533773,0.9763286590576172,0.7086092715231788,0.710218387610336,0.7212945009015252,0.7086092715231788
2,47,0.3008476416038912,0.877994839660892,0.8777198866388237,1.0204841494560242,0.6920529801324503,0.6917670104853587,0.6979871126802424,0.6920529801324503
2,48,0.27351829097714536,0.8886841135274604,0.8885541568211941,1.0470120310783386,0.7052980132450332,0.7055293581255665,0.7101724347986432,0.7052980132450332
2,49,0.2887397044619849,0.8861039439734612,0.885880089755588,1.0951433777809143,0.6721854304635762,0.673125233884892,0.6883964004273055,0.6721854304635762
2,50,0.28325324384279027,0.889421304828603,0.8892747023186992,1.116497242450714,0.7185430463576159,0.7191867483892447,0.7243768630974492,0.7185430463576159
2,51,0.2676721353863561,0.8931072613343163,0.8929205690516235,1.1608219981193542,0.6986754966887417,0.6975897298848729,0.7126723898291228,0.6986754966887417
2,52,0.2589877240879591,0.8949502395871729,0.8948119311780457,1.1356247901916503,0.7052980132450332,0.7048430068528573,0.7145479152929485,0.7052980132450332
2,53,0.25257803361083186,0.8942130482860302,0.8940423073558449,1.1052899479866027,0.7119205298013245,0.7129045476604196,0.7206369867045398,0.7119205298013245
2,54,0.22005211752514506,0.9107998525617398,0.9107000279559246,1.1163431406021118,0.7185430463576159,0.7189734537063762,0.7236289380926322,0.7185430463576159
2,55,0.2361475683228914,0.9034279395503133,0.9033044708376724,1.1424360752105713,0.6920529801324503,0.6928596273656126,0.6990355611978186,0.6920529801324503
2,56,0.2278967359384825,0.9096940656100257,0.9096083227636528,1.1722172498703003,0.7019867549668874,0.7024719781721128,0.7091546623861542,0.7019867549668874
2,57,0.22331048080394433,0.9115370438628824,0.9114745786964966,1.1500753521919251,0.7119205298013245,0.7123716274474929,0.7198951401718917,0.7119205298013245
2,58,0.23438040271054866,0.9045337265020272,0.9044504167486157,1.1471596598625182,0.7119205298013245,0.7129061877062696,0.7166296273604436,0.7119205298013245
2,59,0.21115856011246525,0.9096940656100257,0.909541108713385,1.215433955192566,0.7019867549668874,0.7034078036059372,0.7143663188315754,0.7019867549668874
2,60,0.21140521920697633,0.9107998525617398,0.9107188189468859,1.2503430128097535,0.7052980132450332,0.7054452783264874,0.7139312055847107,0.7052980132450332
3,1,0.9904197454452515,0.5237744194618503,0.4118859362364722,1.0024903178215028,0.4867549668874172,0.47037402345278917,0.5643121709967737,0.4867549668874172
3,2,0.8734965892725213,0.5897530409141172,0.5678530784177951,0.8938027739524841,0.5927152317880795,0.5912405391960585,0.6323188880123413,0.5927152317880795
3,3,0.8122369023256524,0.6236638407666789,0.6028984488206065,0.9220527052879334,0.4867549668874172,0.4758618857285637,0.5714988344780454,0.4867549668874172
3,4,0.7907406576844149,0.6387762624401032,0.6293554275960107,0.9433615922927856,0.5099337748344371,0.5014496212583427,0.605143181260731,0.5099337748344371
3,5,0.7579492760259051,0.6631035753778105,0.6558437846737952,1.0219109654426575,0.4900662251655629,0.47816401230287264,0.6215169413030075,0.4900662251655629
3,6,0.7300956443298695,0.6885366752672318,0.6825232298695851,0.848825991153717,0.5728476821192053,0.5661863943248913,0.6095741706052055,0.5728476821192053
3,7,0.7247420965239059,0.6837449318098047,0.6767322787819949,0.8428322911262512,0.5761589403973509,0.5659556913791854,0.6143916428845156,0.5761589403973509
3,8,0.6952275190242502,0.6999631404349429,0.692800973425757,0.9178727030754089,0.5397350993377483,0.5287690140461778,0.6108256392903755,0.5397350993377483
3,9,0.6912503145461859,0.7007003317360855,0.6952189941960724,1.0226298809051513,0.5331125827814569,0.5152304894812173,0.6213288157603053,0.5331125827814569
3,10,0.6610820002334062,0.708072244747512,0.7028467024938749,0.8618148684501648,0.5993377483443708,0.5876221520834277,0.6613358225571709,0.5993377483443708
3,11,0.6469503731228584,0.7095466273497972,0.7059426051560688,1.01425940990448,0.5629139072847682,0.5573497436482016,0.6592056400726186,0.5629139072847682
3,12,0.6470257182453953,0.7143383708072245,0.710114307307318,0.8487051129341125,0.6059602649006622,0.5976622027833474,0.6403128866543991,0.6059602649006622
3,13,0.6325126574483029,0.7158127534095098,0.7124071944543617,0.8537597417831421,0.5927152317880795,0.579892927186527,0.6423216955563436,0.5927152317880795
3,14,0.6245437444642533,0.7180243273129377,0.7149742898201018,0.731494665145874,0.6788079470198676,0.679567313485522,0.6893083909050782,0.6788079470198676
3,15,0.6098720029343007,0.734242535938076,0.7310464918401444,0.8113144874572754,0.6225165562913907,0.6209923328662625,0.6426919201689156,0.6225165562913907
3,16,0.6040118378262187,0.7379284924437891,0.7344075974814085,1.0299968600273133,0.5463576158940397,0.5334006500608262,0.6302342709263407,0.5463576158940397
3,17,0.602195622616036,0.7353483228897899,0.732349785367936,0.986423659324646,0.5562913907284768,0.5501052493537956,0.6181204305926549,0.5562913907284768
3,18,0.5845574126687161,0.743457427202359,0.7407363817738659,0.895369005203247,0.6158940397350994,0.6118723296737569,0.6617098923903224,0.6158940397350994
3,19,0.5569768645042596,0.7563582749723553,0.7539330110213406,0.9556707620620728,0.5960264900662252,0.592844146865853,0.6578880160631253,0.5960264900662252
3,20,0.5666124827640001,0.7600442314780685,0.7581923227056792,0.8716236352920532,0.6158940397350994,0.6079654195338513,0.6716250131399137,0.6158940397350994
3,21,0.5644486414831739,0.7578326575746406,0.7549092717261976,0.7873879313468933,0.652317880794702,0.6497528826690959,0.6737747011765842,0.652317880794702
3,22,0.534252640812896,0.7655731662366384,0.7636090547214834,0.8494372129440307,0.6357615894039735,0.6361139014210453,0.6806733537301679,0.6357615894039735
3,23,0.5346846947836321,0.771839292296351,0.769217317858189,0.8272849321365356,0.6357615894039735,0.6354772310752952,0.6757202401699612,0.6357615894039735
3,24,0.5229070907415345,0.7692591227423516,0.767621600309403,0.91421480178833,0.6258278145695364,0.627074906955731,0.6804343242760175,0.6258278145695364
3,25,0.5061614769835805,0.7832657574640619,0.781986071649573,0.7482920527458191,0.6920529801324503,0.6923648796362792,0.6996837245150934,0.6920529801324503
3,26,0.5037131739217181,0.7806855879100627,0.7786862317017742,0.951807951927185,0.6026490066225165,0.6012091676906887,0.6543629863615843,0.6026490066225165
3,27,0.5018902781397797,0.7784740140066347,0.776930961883794,0.8190622210502625,0.6556291390728477,0.6539528475414391,0.6843007767763781,0.6556291390728477
3,28,0.4942807631437169,0.7806855879100627,0.7791967779888143,0.9230615019798278,0.6192052980132451,0.6171153043451288,0.6677136876145661,0.6192052980132451
3,29,0.4705911368824715,0.7972723921857722,0.7959941507039716,0.8777908444404602,0.6754966887417219,0.6764144441116188,0.6835318888568961,0.6754966887417219
3,30,0.47031085158503333,0.7957980095834869,0.794713227327025,0.8329640030860901,0.652317880794702,0.6516460306914486,0.656805112127182,0.652317880794702
3,31,0.43225988329843035,0.8238112790269074,0.8226827623281232,0.8886685490608215,0.6423841059602649,0.6432821610652447,0.6594792372807703,0.6423841059602649
3,32,0.41980847647023756,0.8193881312200516,0.8184603511227317,0.9554542422294616,0.6324503311258278,0.6291088496067353,0.6650787767842454,0.6324503311258278
3,33,0.4099912823632706,0.825654257279764,0.824667137131376,0.983259117603302,0.6490066225165563,0.6469768872200944,0.6762505690720032,0.6490066225165563
3,34,0.38683117544928264,0.8378179137486178,0.8369540085000624,1.0083523631095885,0.6357615894039735,0.6325103478181745,0.6668545862951579,0.6357615894039735
3,35,0.40791118144989014,0.8267600442314781,0.8259746586902712,0.9770682454109192,0.6390728476821192,0.6358856375412667,0.679424119676804,0.6390728476821192
3,36,0.3743134847907133,0.8437154441577589,0.8431804245618005,0.9206115245819092,0.6788079470198676,0.6803465170984206,0.7011515845604378,0.6788079470198676
3,37,0.37314996157967767,0.8374493180980465,0.8368330888652228,0.9282417535781861,0.6622516556291391,0.6596299503434611,0.6866522548445229,0.6622516556291391
3,38,0.3899384085522142,0.8348691485440471,0.8342644399556726,1.108301615715027,0.6390728476821192,0.6377052850411565,0.6768915070361226,0.6390728476821192
3,39,0.37690473503844685,0.8411352746037597,0.840459702500762,1.1045450568199158,0.6390728476821192,0.6364426136999906,0.6652922177043284,0.6390728476821192
3,40,0.3807613288247308,0.8345005528934759,0.8338755912480403,1.0065876126289368,0.6423841059602649,0.6399447912404637,0.6642693479959457,0.6423841059602649
3,41,0.3540807782217514,0.8462956137117582,0.8459437379665515,0.9709578514099121,0.6622516556291391,0.6616711533230385,0.6781428027708001,0.6622516556291391
3,42,0.3622393982354985,0.8492443789163288,0.8487319873575402,1.1401670098304748,0.6158940397350994,0.6118342906270322,0.6409537841505155,0.6158940397350994
3,43,0.3487340347018353,0.8518245484703281,0.8513297013197125,1.1103232026100158,0.6158940397350994,0.6111094631040049,0.642499828668736,0.6158940397350994
3,44,0.3258312233658724,0.865462587541467,0.8651174602086459,1.0800779938697815,0.6655629139072847,0.6657582424817703,0.6799836132676638,0.6655629139072847
3,45,0.3392559969147971,0.8499815702174714,0.8496014624545913,1.168453335762024,0.6258278145695364,0.6268879023845911,0.6614062221717177,0.6258278145695364
3,46,0.32644355435704075,0.8577220788794693,0.8572741550640298,1.1719101548194886,0.6357615894039735,0.6312567702564409,0.6647840629391819,0.6357615894039735
3,47,0.306325321280679,0.8687799483966089,0.8684915431983252,1.136729121208191,0.6456953642384106,0.6443837331468477,0.6741195612692362,0.6456953642384106
3,48,0.30364773301191106,0.8684113527460376,0.8681105341073884,1.0557406425476075,0.6655629139072847,0.6654304848499031,0.6819754391822955,0.6655629139072847
3,49,0.30510614708412526,0.8761518614080354,0.8757785633279143,1.0785741806030273,0.6423841059602649,0.6415187455319388,0.661678739973976,0.6423841059602649
3,50,0.29621733413186185,0.8809436048654626,0.8806460967989095,1.091964852809906,0.6423841059602649,0.6423978507597295,0.65895232295552,0.6423841059602649
3,51,0.2936225471108459,0.88020641356432,0.8799460561572012,1.114251160621643,0.6357615894039735,0.6329955727723657,0.6575443141809295,0.6357615894039735
3,52,0.28265205892019496,0.8872097309251751,0.8869701503462007,1.1568925499916076,0.652317880794702,0.6496994700842578,0.6783791655159042,0.652317880794702
3,53,0.27186088818450305,0.8879469222263178,0.887674731263789,1.08694269657135,0.6556291390728477,0.6562299601405351,0.6751754343711179,0.6556291390728477
3,54,0.2691931773063748,0.8846295613711758,0.8843379514326767,1.1969043970108033,0.6390728476821192,0.6387433122296311,0.6623100359403791,0.6390728476821192
3,55,0.26909091548864233,0.8912642830814597,0.8910119368894893,1.0213516473770141,0.6854304635761589,0.6864365071742716,0.6930289068147898,0.6854304635761589
3,56,0.27458325374958126,0.8831551787688905,0.8829149832887411,1.1036513209342957,0.6622516556291391,0.663948217086278,0.6881779116978699,0.6622516556291391
3,57,0.2707334444966427,0.889421304828603,0.8892474469497673,1.0705499053001404,0.6556291390728477,0.6560385156956244,0.6744781773363936,0.6556291390728477
3,58,0.25066247305204703,0.8945816439366016,0.8943181041414987,1.193806564807892,0.6390728476821192,0.6397381685967584,0.669651149581486,0.6390728476821192
3,59,0.24569848041201747,0.8960560265388868,0.8958632171125498,1.1975725054740907,0.6456953642384106,0.6467482374488035,0.6671405994117804,0.6456953642384106
3,60,0.25313557753729266,0.8975304091411721,0.897378751675457,1.2624759197235107,0.6390728476821192,0.6370232195825033,0.668525567574916,0.6390728476821192
4,1,0.9877514728280001,0.5311463324732768,0.43164066805623214,1.04173846244812,0.40728476821192056,0.36146743720113256,0.5180484581810747,0.40728476821192056
4,2,0.8913011634072592,0.5764835974935496,0.5411289728973206,0.9762799859046936,0.44370860927152317,0.4164469975451938,0.5166120008250522,0.44370860927152317
4,3,0.8349494947943576,0.61002580169554,0.5956848571775454,1.0309618592262269,0.4470198675496689,0.4310922822512229,0.5453295072073346,0.4470198675496689
4,4,0.8087822878083517,0.6299299668263915,0.6175754109332784,0.9850126028060913,0.45695364238410596,0.4411260577560779,0.563482510686837,0.45695364238410596
4,5,0.7855150796646295,0.646516771102101,0.6366518656513798,0.9067039608955383,0.5529801324503312,0.5518351405768626,0.5731874359339775,0.5529801324503312
4,6,0.7488634461580321,0.659049023221526,0.6492386368372427,0.9252133250236512,0.5165562913907285,0.5050939799656904,0.5555214678213456,0.5165562913907285
4,7,0.7444795785948287,0.6631035753778105,0.65427659399812,0.9480207562446594,0.5033112582781457,0.49160167822201795,0.5643004966887417,0.5033112582781457
4,8,0.7221374414687933,0.6741614448949502,0.6675553099503142,0.9387229800224304,0.5066225165562914,0.4947315348218368,0.5501279000299559,0.5066225165562914
4,9,0.7067845560783563,0.6859565057132326,0.6796188159733157,0.9455543279647827,0.5463576158940397,0.5423185768013022,0.5955267305139903,0.5463576158940397
4,10,0.6981605277505032,0.6911168448212311,0.6842412617246548,1.0391942858695984,0.5231788079470199,0.5039986816908787,0.614347757977795,0.5231788079470199
4,11,0.6907413047413493,0.6959085882786583,0.6911432666107277,1.0702524304389953,0.5331125827814569,0.5363537421745856,0.6122258640542895,0.5331125827814569
4,12,0.654579148736111,0.709178031699226,0.7046408961373487,0.9269288659095765,0.5496688741721855,0.5500547425022468,0.5914753013850023,0.5496688741721855
4,13,0.6646170914173126,0.7169185403612237,0.7126031498515176,1.0511913180351258,0.5132450331125827,0.4988266940858539,0.5623372720502964,0.5132450331125827
4,14,0.6477975436421328,0.7172871360117951,0.7137519281761328,0.9487774252891541,0.6026490066225165,0.6034176015805336,0.6135932285688785,0.6026490066225165
4,15,0.6190727914488593,0.7213416881680796,0.7176331197436095,0.9583635210990906,0.5993377483443708,0.6008386671597777,0.6169776307566799,0.5993377483443708
4,16,0.6312165024668671,0.7268706229266495,0.7237740677902654,0.9501371264457703,0.5728476821192053,0.5732789712342088,0.5953975004499598,0.5728476821192053
4,17,0.6051567002784374,0.7427202359012164,0.7391984128094308,0.8959437251091004,0.6192052980132451,0.6190153703364121,0.6397775376088544,0.6192052980132451
4,18,0.5802818578343059,0.7511979358643568,0.7481933420796831,0.9962998986244201,0.6125827814569537,0.6162047852608853,0.6550839711348599,0.6125827814569537
4,19,0.5899478973344315,0.7382970880943605,0.7356446067998101,0.9835125923156738,0.5761589403973509,0.5771710976127767,0.6096331487916324,0.5761589403973509
4,20,0.5766850058422532,0.7489863619609288,0.7461917606293239,1.0074704170227051,0.5794701986754967,0.5775579638506041,0.6086016828538593,0.5794701986754967
4,21,0.5620552724183991,0.7607814227792112,0.7586639951647115,0.8703240156173706,0.6324503311258278,0.6334242589815497,0.6422048255822157,0.6324503311258278
4,22,0.5554384901080021,0.7626244010320679,0.7604088074512021,0.9004323005676269,0.6158940397350994,0.6156317041320771,0.6324434698363994,0.6158940397350994
4,23,0.5359979382781095,0.7722078879469222,0.7704618466188107,0.8932387709617615,0.6423841059602649,0.642387815313922,0.652309247880336,0.6423841059602649
4,24,0.5297228707823642,0.7681533357906377,0.7661272824707314,0.9571119904518127,0.6192052980132451,0.6203052724148711,0.6327442722773317,0.6192052980132451
4,25,0.5144749741221584,0.7806855879100627,0.77913360168883,0.8608712077140808,0.6423841059602649,0.6437292914740221,0.6514501204975877,0.6423841059602649
4,26,0.5162142314190088,0.7766310357537781,0.7750398193520996,0.996729040145874,0.5894039735099338,0.5889919897637257,0.6173276870064406,0.5894039735099338
4,27,0.5034699003363765,0.7891632878732031,0.7880697020384887,0.8828163743019104,0.6456953642384106,0.6449649019619134,0.644607689487701,0.6456953642384106
4,28,0.4942134570243747,0.8002211573903428,0.79889704157337,1.0153690576553345,0.5960264900662252,0.5977723909178532,0.628861079361679,0.5960264900662252
4,29,0.4742731299511222,0.7991153704386288,0.7979814424748257,0.9452227354049683,0.6490066225165563,0.6502009428455056,0.6565886994776388,0.6490066225165563
4,30,0.47734136221020723,0.7906376704754884,0.7889208504024317,0.9194846630096436,0.6291390728476821,0.6303711420218817,0.6389882314930153,0.6291390728476821
4,31,0.4668437353400297,0.7957980095834869,0.7945672608274384,1.0952094793319702,0.6357615894039735,0.6364291688925754,0.6508651369785475,0.6357615894039735
4,32,0.4648795308068741,0.8064872834500553,0.8052939865791795,0.9344770789146424,0.5860927152317881,0.5871965487731488,0.6002584083763319,0.5860927152317881
4,33,0.4618339926697487,0.8005897530409141,0.7996331385121201,1.0250089049339295,0.609271523178808,0.6115862854371288,0.6251323985594063,0.609271523178808
4,34,0.4298203435055045,0.8223368964246222,0.8214729145024734,1.0027401089668273,0.6026490066225165,0.6037502104035042,0.6250892741202442,0.6026490066225165
4,35,0.4339757644852927,0.819756726870623,0.81875451550166,1.038295829296112,0.6258278145695364,0.6264607349845789,0.6418745137836113,0.6258278145695364
4,36,0.42136116429816844,0.8204939181717655,0.8198814890510872,0.973907470703125,0.6324503311258278,0.6306409806326982,0.6331839470156488,0.6324503311258278
4,37,0.4259297917055529,0.8193881312200516,0.8181181371104616,0.9634797930717468,0.6589403973509934,0.6601607579525536,0.6641316740654489,0.6589403973509934
4,38,0.39556223188721856,0.8304460007371913,0.8298690291126617,1.040997815132141,0.6390728476821192,0.6399968498559591,0.6419546048300265,0.6390728476821192
4,39,0.4038558453321457,0.8249170659786215,0.8243657200517664,1.0096107363700866,0.6423841059602649,0.6406294313382073,0.6450523617032604,0.6423841059602649
4,40,0.38303875645925833,0.8374493180980465,0.8367873283813678,0.9516158819198608,0.6291390728476821,0.6307937022220959,0.6354557021798246,0.6291390728476821
4,41,0.3758524538472641,0.8518245484703281,0.851533401665508,1.0719933032989502,0.6225165562913907,0.6225672452814885,0.6230469637958993,0.6225165562913907
4,42,0.32426529880179916,0.8603022484334685,0.8598037761277645,1.1098681449890138,0.6225165562913907,0.623917608896884,0.6278192217761754,0.6225165562913907
4,43,0.3333573067604109,0.866568374493181,0.8661725068439466,1.0342615842819214,0.6324503311258278,0.6334846542761519,0.6384807981929185,0.6324503311258278
4,44,0.3163017394930817,0.8636196092886104,0.8632711541839375,1.108176016807556,0.6158940397350994,0.6174802059010637,0.6280973793693135,0.6158940397350994
4,45,0.30301120842612067,0.8702543309988943,0.8700397238626063,1.1301395893096924,0.6225165562913907,0.624138243049967,0.6311232981440136,0.6225165562913907
4,46,0.3074745781892954,0.8746774788057501,0.8742789041928649,1.1370348691940309,0.6192052980132451,0.6205188697781325,0.6317603931166099,0.6192052980132451
4,47,0.3001876591249954,0.8761518614080354,0.8758332990287317,1.2549012422561645,0.6059602649006622,0.6058037424274324,0.6252257676098736,0.6059602649006622
4,48,0.2897544271031091,0.879100626612606,0.8788191715625366,1.2254939556121827,0.6258278145695364,0.6273483955556376,0.6381170359651535,0.6258278145695364
4,49,0.2938846013573713,0.8805750092148913,0.8803110716242777,1.118800163269043,0.6125827814569537,0.6126131989157223,0.627143301245776,0.6125827814569537
4,50,0.27765940337680106,0.8853667526723185,0.8850743141645371,1.1902060031890869,0.6192052980132451,0.6205361292829918,0.6303715175835045,0.6192052980132451
4,51,0.27086909808391746,0.8872097309251751,0.8870187632624033,1.3313109159469605,0.5860927152317881,0.5869787422024233,0.6089500064926633,0.5860927152317881
4,52,0.2899090145216432,0.8842609657206045,0.884073937157839,1.1939009070396422,0.6357615894039735,0.637256820467741,0.6432331515639244,0.6357615894039735
4,53,0.24453879754210628,0.9015849612974567,0.9014767274504588,1.2521946787834168,0.6258278145695364,0.6276956027073275,0.6406190730842308,0.6258278145695364
4,54,0.2506113825149314,0.8942130482860302,0.8940108975028562,1.3206866145133973,0.6225165562913907,0.6238669625108374,0.6376212402038623,0.6225165562913907
4,55,0.2536200052777002,0.8953188352377442,0.8951673853829539,1.319796049594879,0.6225165562913907,0.6242844005787832,0.6341854471711044,0.6225165562913907
4,56,0.27286683612091595,0.8923700700331736,0.8922630542647679,1.2852449774742127,0.6291390728476821,0.6308691387559475,0.6464904334953208,0.6291390728476821
4,57,0.2479434770553611,0.8990047917434574,0.8987733564537065,1.2590839266777039,0.6291390728476821,0.6304515130599333,0.6366501641989201,0.6291390728476821
4,58,0.23416301192239272,0.9067453004054552,0.9065815100825267,1.2652818202972411,0.609271523178808,0.6102248170332463,0.6263803689300378,0.609271523178808
4,59,0.20667256068351658,0.9192775525248802,0.9192011246481331,1.3359485864639282,0.6258278145695364,0.6276109565538275,0.6383056520858623,0.6258278145695364
4,60,0.21692161296689233,0.9148544047180244,0.9146707297418686,1.288514530658722,0.652317880794702,0.6528901758058633,0.6561576735417795,0.652317880794702
5,1,0.9606569201447243,0.5399926280869886,0.4604499989104227,1.010131585597992,0.4337748344370861,0.3868745169891996,0.5391245047474235,0.4337748344370861
5,2,0.8864873564520548,0.573534832288979,0.5435967983076507,0.9504913330078125,0.4867549668874172,0.4707312453947418,0.5394634861979005,0.4867549668874172
5,3,0.8428810918053915,0.6103943973461113,0.5946605433784137,0.8926200032234192,0.5264900662251656,0.5212579041346709,0.5387828322499562,0.5264900662251656
5,4,0.813464414241702,0.6137117582012532,0.5995349756387875,0.9729052782058716,0.49337748344370863,0.47416167080053473,0.5510045178451456,0.49337748344370863
5,5,0.7800999658052311,0.6509399189089569,0.6372697806601509,0.970723831653595,0.49337748344370863,0.4745365607241956,0.5533364248575722,0.49337748344370863
5,6,0.7537919934405837,0.6708440840398083,0.6625586149243383,0.8698048233985901,0.5794701986754967,0.5726298794432143,0.6092498085858632,0.5794701986754967
5,7,0.7349666772886764,0.6763730187983782,0.6689713676678288,0.9836087465286255,0.5298013245033113,0.5164085872501787,0.5977330616403466,0.5298013245033113
5,8,0.7184018160021582,0.6877994839660893,0.6801118140301677,1.0904492259025573,0.5066225165562914,0.49283824545439225,0.591914369320807,0.5066225165562914
5,9,0.7029701000036195,0.6863251013638039,0.6806651075509558,0.9616542220115661,0.5662251655629139,0.5313849652025256,0.6632935735000401,0.5662251655629139
5,10,0.692058147386063,0.6903796535200885,0.6831229470468477,0.9793417930603028,0.5529801324503312,0.5467439869695613,0.620198438110869,0.5529801324503312
5,11,0.6930714374364808,0.694434205676373,0.6885983474217922,0.9310579538345337,0.5927152317880795,0.5854796268561923,0.6453839061429549,0.5927152317880795
5,12,0.6634680379268735,0.7121267969037965,0.706614792107324,0.8851505160331726,0.6225165562913907,0.6099410348201999,0.6629101096892587,0.6225165562913907
5,13,0.6478794154732727,0.7213416881680796,0.7173596928571964,0.9134899735450744,0.5927152317880795,0.5875877739401026,0.6397387259388138,0.5927152317880795
5,14,0.6394185867420462,0.7187615186140803,0.7137881358613879,0.8888035655021668,0.5894039735099338,0.588228115063508,0.625391397716522,0.5894039735099338
5,15,0.6197483199973439,0.7279764098783634,0.7240959933655066,1.136850607395172,0.5231788079470199,0.5043754492639687,0.6320523605157485,0.5231788079470199
5,16,0.6250520161418027,0.7239218577220788,0.7209751714947749,0.921043872833252,0.5993377483443708,0.5954040981204707,0.644434069523032,0.5993377483443708
5,17,0.6139164962047754,0.7416144489495023,0.7372705952067283,1.0731375336647033,0.5596026490066225,0.5500407754800565,0.637190983505409,0.5596026490066225
5,18,0.5794983180456383,0.7530409141172134,0.7506607161995166,0.9141413331031799,0.6324503311258278,0.6342245111420061,0.6803057672514089,0.6324503311258278
5,19,0.5936808509882107,0.7515665315149281,0.7486616406316504,0.876254403591156,0.6225165562913907,0.621805524756035,0.658537184229648,0.6225165562913907
5,20,0.5905039719370908,0.7504607445632141,0.7465225471099651,1.3081568241119386,0.5331125827814569,0.5181430736170914,0.6587883985330117,0.5331125827814569
5,21,0.5824383628922839,0.7530409141172134,0.7505080560107916,1.0358718276023864,0.5927152317880795,0.5868069646271464,0.6571661139717854,0.5927152317880795
5,22,0.5538495876068292,0.7707335053446369,0.7687169742042798,1.0356210231781007,0.6059602649006622,0.5942039393410802,0.6664403297851679,0.6059602649006622
5,23,0.5204176320586094,0.7766310357537781,0.7745213879631584,0.8865604877471924,0.6390728476821192,0.6389487437237996,0.6714890433095573,0.6390728476821192
5,24,0.5117198013982107,0.784371544415776,0.7825368402345666,0.894382905960083,0.6622516556291391,0.6596948564320985,0.6869961370820916,0.6622516556291391
5,25,0.4908712880555974,0.7884260965720604,0.7866381648751525,0.9180061340332031,0.6589403973509934,0.6562215115008777,0.6934370804691485,0.6589403973509934
5,26,0.48607281820718634,0.7917434574272023,0.7904153116543544,0.904354202747345,0.6622516556291391,0.6615127441846679,0.6872558942372625,0.6622516556291391
5,27,0.4742898331132046,0.8013269443420568,0.8000754770187751,0.9006228804588318,0.6721854304635762,0.6682827886423875,0.6949861675703387,0.6721854304635762
5,28,0.4827660218227741,0.7965352008846296,0.7953858910498757,0.9724278450012207,0.6490066225165563,0.6463951832365308,0.6894196172498305,0.6490066225165563
5,29,0.4629042321859404,0.8039071138960561,0.8023867768135449,1.0436170935630797,0.6390728476821192,0.6411471202954195,0.6964573802343152,0.6390728476821192
5,30,0.469405532576317,0.8057500921489127,0.80415486352804,1.127696192264557,0.6192052980132451,0.619236337668032,0.6790400572568457,0.6192052980132451
5,31,0.49233931025793387,0.7865831183192038,0.7852290768356353,0.9029221773147583,0.6688741721854304,0.6691800693787449,0.688315066643938,0.6688741721854304
5,32,0.44538062672282375,0.815333579063767,0.8139014955407741,0.9840519428253174,0.6390728476821192,0.6339732966554578,0.6742221062164878,0.6390728476821192
5,33,0.4487382818100064,0.8223368964246222,0.8213653184859415,1.1268776416778565,0.609271523178808,0.6064704216083083,0.6724776918271721,0.609271523178808
5,34,0.4304629193488942,0.817545152967195,0.8163158070136389,1.0778181314468385,0.6192052980132451,0.6155868729189449,0.6733851907115422,0.6192052980132451
5,35,0.4396709217581638,0.8116476225580538,0.8107547550671002,1.0284034132957458,0.6291390728476821,0.6251134917318931,0.6718624493762252,0.6291390728476821
5,36,0.42188983462577645,0.819756726870623,0.8184087204090671,1.0461149573326112,0.6490066225165563,0.6511065209992448,0.6963083579045248,0.6490066225165563
5,37,0.4321093486492024,0.8241798746774788,0.8235859941471901,1.0668903589248657,0.6158940397350994,0.6143172909480525,0.6687006943154427,0.6158940397350994
5,38,0.4097047756577647,0.8363435311463324,0.8355365933773751,1.0802939653396606,0.6225165562913907,0.6219867079491028,0.6756067340757416,0.6225165562913907
5,39,0.3883965081253717,0.8378179137486178,0.8367893674380134,1.07718665599823,0.6324503311258278,0.6320799106112084,0.6850615263718564,0.6324503311258278
5,40,0.36324045200680577,0.8547733136748986,0.8541491450729809,1.160714340209961,0.6125827814569537,0.6084107367767092,0.6620374235905729,0.6125827814569537
5,41,0.38016403102597524,0.8400294876520457,0.8391787262807227,1.162416160106659,0.6291390728476821,0.6281743508703959,0.6689845340679363,0.6291390728476821
5,42,0.3677923235782357,0.8503501658680428,0.8497346048947407,1.1246323585510254,0.6158940397350994,0.6161808864819055,0.6585905740720636,0.6158940397350994
5,43,0.37318183204462363,0.8466642093623296,0.846049932159852,1.0990314602851867,0.6225165562913907,0.6216459829437581,0.6601458170734773,0.6225165562913907
5,44,0.3627982340579809,0.8577220788794693,0.8570870667532514,1.2418904542922973,0.5993377483443708,0.597199217099867,0.6743151450876959,0.5993377483443708
5,45,0.3606257750544437,0.8492443789163288,0.8484530947900504,1.1248574018478394,0.6291390728476821,0.6284612656012993,0.6680451127681398,0.6291390728476821
5,46,0.33939630971398466,0.866568374493181,0.8661675399935794,1.2004374265670776,0.6125827814569537,0.6083536121721271,0.6645980785374498,0.6125827814569537
5,47,0.3528550388508065,0.8588278658311832,0.8581356316109199,1.1189987659454346,0.6258278145695364,0.6258450313665167,0.6686203603881102,0.6258278145695364
5,48,0.3520076316456462,0.8510873571691854,0.8505312307568919,1.0436386823654176,0.6490066225165563,0.649820724914738,0.6780454257785048,0.6490066225165563
5,49,0.34775940311509507,0.8580906745300405,0.8574947139612403,1.1749038815498352,0.6291390728476821,0.6285709249890236,0.6747407527055402,0.6291390728476821
5,50,0.3488412814777951,0.8595650571323259,0.8591118312764872,1.1660457253456116,0.6324503311258278,0.6330391791836781,0.678189192592244,0.6324503311258278
5,51,0.34141256538934484,0.8639882049391817,0.863604634227019,1.2584376096725465,0.6125827814569537,0.6110134871438692,0.6653869571799456,0.6125827814569537
5,52,0.34236494503742043,0.8595650571323259,0.8587579326999645,1.220202589035034,0.6059602649006622,0.6039875012035644,0.6647174284191868,0.6059602649006622
5,53,0.3450850733490877,0.867674161444895,0.8672808190815631,1.103242576122284,0.6291390728476821,0.6292281895525325,0.6709558111614577,0.6291390728476821
5,54,0.3259440462949664,0.8709915223000368,0.8703933961673126,1.1112285614013673,0.6158940397350994,0.6151374457418343,0.6621035586697963,0.6158940397350994
5,55,0.3107895369446555,0.8739402875046074,0.8733921905391259,1.2439624071121216,0.6158940397350994,0.6135646548761374,0.666214763896883,0.6158940397350994
5,56,0.31929979178794593,0.8669369701437523,0.8665122349733473,1.2118531465530396,0.6125827814569537,0.6112917351872709,0.6608949045697404,0.6125827814569537
5,57,0.31204285801843157,0.8761518614080354,0.8755801934770978,1.2554002285003663,0.6125827814569537,0.6111158225396637,0.6616679456032696,0.6125827814569537
5,58,0.32469064932922986,0.8706229266494655,0.8703066889486063,1.2356235265731812,0.6158940397350994,0.6152107554461645,0.6812055948207097,0.6158940397350994
5,59,0.2999034059602161,0.8842609657206045,0.8839511556751932,1.2497584819793701,0.6059602649006622,0.6045946217138269,0.6628074025620481,0.6059602649006622
5,60,0.3139670782311018,0.8724659049023221,0.8720980711505637,1.2506201267242432,0.6125827814569537,0.6126364346146136,0.6686504923397684,0.6125827814569537
6,1,0.9848249873449636,0.5265291083271924,0.4283162953048313,0.9972879409790039,0.44518272425249167,0.37444598227813664,0.6326536386070299,0.44518272425249167
6,2,0.8797870611035546,0.5843773028739867,0.5587814584159537,0.9086197257041931,0.5481727574750831,0.5350942035200156,0.6210849873640572,0.5481727574750831
6,3,0.8205271889997083,0.6168017686072218,0.6018690537481023,0.9052251935005188,0.521594684385382,0.47032614218874436,0.6689175411766773,0.521594684385382
6,4,0.7851362907609274,0.6554900515843773,0.6462772685734804,0.8767637252807617,0.5681063122923588,0.5616896060749882,0.620738517962824,0.5681063122923588
6,5,0.7508409425269725,0.6573323507737656,0.650704145335327,0.8606894731521606,0.5780730897009967,0.571171498842782,0.6420337829240617,0.5780730897009967
6,6,0.7398690137752267,0.6735445836403832,0.6670881847474983,0.7697898149490356,0.6644518272425249,0.6617610590589741,0.6989408889616918,0.6644518272425249
6,7,0.7162355780601501,0.6801768607221813,0.6746804365292717,0.7545078277587891,0.6478405315614618,0.6471811139489502,0.6722864821954813,0.6478405315614618
6,8,0.706334184768588,0.683861459100958,0.6773039797583716,0.7363915324211121,0.6511627906976745,0.6465882358644414,0.6788943080621422,0.6511627906976745
6,9,0.6808421895947567,0.6978629329403095,0.6935054039661932,0.7214606761932373,0.6777408637873754,0.6745140039214619,0.6794508122453223,0.6777408637873754
6,10,0.6760850881421289,0.7026529108327192,0.6987789874778276,0.7021711230278015,0.6810631229235881,0.6816844435288585,0.6841932441942903,0.6810631229235881
6,11,0.6665005115575569,0.7033898305084746,0.6992066985406582,0.7381498575210571,0.6677740863787376,0.6666578925433112,0.6854535367143613,0.6677740863787376
6,12,0.6516958606797595,0.7148120854826824,0.709680371358269,0.7478244185447693,0.6345514950166113,0.6336010742253355,0.6557924273730343,0.6345514950166113
6,13,0.6223090928654338,0.7273397199705232,0.7237298100936749,0.7314169883728028,0.654485049833887,0.652753060605424,0.669536178325958,0.654485049833887
6,14,0.628059912559598,0.7310243183492999,0.7275512633390524,0.7074618697166443,0.6677740863787376,0.6661811441623416,0.6801284606866002,0.6677740863787376
6,15,0.5890888315300609,0.7446573323507738,0.741930684718126,0.7688492178916931,0.6578073089700996,0.653615088539609,0.6874550046085101,0.6578073089700996
6,16,0.5973232083542402,0.7383935151068534,0.7346122764130603,0.817649245262146,0.627906976744186,0.6199991144815586,0.6657852509774673,0.627906976744186
6,17,0.5914077336011931,0.7501842299189388,0.7476247559786915,0.7182860374450684,0.6644518272425249,0.6627633164178014,0.6787477686241228,0.6644518272425249
6,18,0.587505932464156,0.7446573323507738,0.7426101586651678,0.6860264420509339,0.6677740863787376,0.6676602680352057,0.6689404725949576,0.6677740863787376
6,19,0.5560005133928254,0.7682387619749448,0.7660510742004787,0.7897129535675049,0.6478405315614618,0.6438971026792859,0.6769779939386995,0.6478405315614618
6,20,0.5476720880630405,0.763448784082535,0.7611513922889988,0.8491374611854553,0.6478405315614618,0.6436650852540817,0.6945354155202152,0.6478405315614618
6,21,0.5644671036753544,0.7490788504053059,0.7469978839725131,0.7750811576843262,0.6611295681063123,0.6605623201044492,0.6762344655001317,0.6611295681063123
6,22,0.5357200219187626,0.7682387619749448,0.7660374871132198,0.7241541981697083,0.6877076411960132,0.6877143361028691,0.6963044995461659,0.6877076411960132
6,23,0.5229841373687567,0.7726602800294768,0.7712652746798411,0.7772241830825806,0.6478405315614618,0.6465668018778654,0.6624530697134214,0.6478405315614618
6,24,0.5351368798766025,0.7616064848931466,0.7592091979332862,0.6345918416976929,0.6910299003322259,0.6915868353686255,0.6976224824604759,0.6910299003322259
6,25,0.5043854595616807,0.788135593220339,0.7866880183975704,0.7018108248710633,0.6976744186046512,0.698110587437644,0.7042099187837136,0.6976744186046512
6,26,0.4814076707806698,0.7899778924097274,0.7885580427894919,0.832862651348114,0.6345514950166113,0.6321512472305524,0.6526815377313716,0.6345514950166113
6,27,0.4882718061291894,0.7958732498157701,0.7947233846919549,0.7951271891593933,0.6877076411960132,0.6875837140285458,0.6908722678949917,0.6877076411960132
6,28,0.4754707924155302,0.7966101694915254,0.7951046373732351,0.7862993717193604,0.6578073089700996,0.6561926335430147,0.6770083545172596,0.6578073089700996
6,29,0.45562620703564133,0.8095062638172439,0.8085593791223897,0.7440369486808777,0.6843853820598007,0.6846350173680216,0.6938191302850927,0.6843853820598007
6,30,0.44713534172191177,0.8017686072218129,0.8000742666200447,0.766740083694458,0.6710963455149501,0.6711082699456539,0.6805226292757218,0.6710963455149501
6,31,0.45508887670760934,0.8087693441414886,0.8079288981062104,0.7784697532653808,0.6644518272425249,0.6635504974834753,0.6772181889335238,0.6644518272425249
6,32,0.42237455831017606,0.8227708179808401,0.8219463010591657,0.7694870352745056,0.6611295681063123,0.6602470967187736,0.6717288628057763,0.6611295681063123
6,33,0.4327186713385027,0.812822402358143,0.811976914704789,0.7874383568763733,0.6810631229235881,0.681974188879172,0.6874764075451706,0.6810631229235881
6,34,0.3992054011932639,0.8260869565217391,0.8252604253653152,0.9288444280624389,0.6710963455149501,0.6716843901660512,0.699175268821653,0.6710963455149501
6,35,0.41605797340703565,0.8290346352247605,0.8282215090599716,0.9284297466278076,0.6511627906976745,0.6504270464599736,0.6663198369783997,0.6511627906976745
6,36,0.3865826909625253,0.841930729550479,0.8411502655130723,0.942964768409729,0.654485049833887,0.6515629803047096,0.6804143964337277,0.654485049833887
6,37,0.3912028483180113,0.8341930729550479,0.8334575254510677,0.8247018575668335,0.6976744186046512,0.6987922151976431,0.7075466443887497,0.6976744186046512
6,38,0.3881211537261342,0.840825350036846,0.8401667660125183,1.1509686708450317,0.6611295681063123,0.6649717060348289,0.7056642505720292,0.6611295681063123
6,39,0.3797249541033146,0.8382461311717023,0.8376815258953015,0.8320494413375854,0.6843853820598007,0.684375335703236,0.6865953860648962,0.6843853820598007
6,40,0.36433564230453136,0.8470891672807664,0.8465152620529189,0.8577911019325256,0.6611295681063123,0.6601258093033476,0.6695246123791248,0.6611295681063123
6,41,0.3306063424016154,0.8651436993367723,0.8648164251997996,0.8662315607070923,0.6843853820598007,0.6849265955426388,0.6942967703818262,0.6843853820598007
6,42,0.3002951086260552,0.8787767133382461,0.8783617024717746,0.9487106323242187,0.6710963455149501,0.6714768748564947,0.6985690048743811,0.6710963455149501
6,43,0.28849471204502636,0.8776713338246132,0.8773933428644592,0.8931921124458313,0.6976744186046512,0.6976680378252602,0.7118619340739831,0.6976744186046512
6,44,0.2956971890011499,0.8857774502579219,0.8854162185309774,0.9517831087112427,0.6976744186046512,0.6979643438388405,0.7140299258530013,0.6976744186046512
6,45,0.2838433239349099,0.8817243920412675,0.8814115817806502,0.8849500298500061,0.7109634551495017,0.711835178928849,0.7216904845721309,0.7109634551495017
6,46,0.2902034690906835,0.8846720707442889,0.88446417749565,0.9325113654136657,0.7009966777408638,0.7016019586129026,0.7132515589820756,0.7009966777408638
6,47,0.28604674027409666,0.8828297715549005,0.8826374983762665,0.9174029350280761,0.6877076411960132,0.6874340797627152,0.6969479020240495,0.6877076411960132
6,48,0.2703069043020869,0.8846720707442889,0.8843067655350684,0.9239569187164307,0.6943521594684385,0.6947695526811566,0.7005358809261941,0.6943521594684385
6,49,0.2631108390037404,0.8975681650700074,0.8974116856087853,0.9248285293579102,0.707641196013289,0.7081681083818383,0.717102430785714,0.707641196013289
6,50,0.2713812433703001,0.8920412675018423,0.8918381745912686,0.9269054770469666,0.6910299003322259,0.6919708487884255,0.7000737894886354,0.6910299003322259
6,51,0.2503609158271967,0.9012527634487841,0.9011341554752511,1.0144694685935973,0.6877076411960132,0.6865287432885536,0.7060511275323488,0.6877076411960132
6,52,0.26109765279431674,0.893515106853353,0.8932921505010756,0.9849732518196106,0.7109634551495017,0.7117342594457148,0.7207535079760347,0.7109634551495017
6,53,0.22387562172357425,0.9082535003684599,0.9081057839852585,0.94552241563797,0.7009966777408638,0.7005533539236288,0.7052708452809145,0.7009966777408638
6,54,0.24017654186071352,0.9012527634487841,0.9011123788954355,0.9982598543167114,0.6744186046511628,0.6743623501251628,0.6798038908540848,0.6744186046511628
6,55,0.23363786277382873,0.9053058216654385,0.9052134021361156,0.9641523838043213,0.7109634551495017,0.7110333487238057,0.721328433454165,0.7109634551495017
6,56,0.23535828968120176,0.9027266028002948,0.9025991562333769,1.0289882659912108,0.6943521594684385,0.694768354569019,0.7074785395072322,0.6943521594684385
6,57,0.2232665457697802,0.9108327192336035,0.910649510083268,0.9840002298355103,0.6976744186046512,0.6981569352025079,0.7076894438800319,0.6976744186046512
6,58,0.19870203317597854,0.9207811348563006,0.9206378275635929,0.996395742893219,0.6976744186046512,0.697965305289301,0.7051633302350375,0.6976744186046512
6,59,0.20938532938097798,0.9189388356669123,0.9187841500742562,1.0330609917640685,0.7043189368770764,0.704850489664513,0.7100445324096981,0.7043189368770764
6,60,0.20662840351808903,0.9119380987472365,0.9118016144011276,1.0700149655342102,0.6877076411960132,0.6866802453523562,0.6997729534247286,0.6877076411960132
7,1,0.9789244865262231,0.5239498894620487,0.43630689975910897,1.1515068769454957,0.26578073089701,0.17149084270093448,0.37046488395325605,0.26578073089701
7,2,0.9301809294279232,0.5519528371407516,0.47792631747987785,1.2289594650268554,0.23255813953488372,0.11414144584279222,0.27095512056212157,0.23255813953488372
7,3,0.8646207923112914,0.5799557848194546,0.5582073104437915,1.1987278461456299,0.29900332225913623,0.22403123684228893,0.6072685140301257,0.29900332225913623
7,4,0.8117798414341238,0.6219602063375093,0.6088769328069585,1.1390860199928283,0.3488372093023256,0.2825254401530806,0.5876092038882736,0.3488372093023256
7,5,0.7752813544384268,0.6492262343404569,0.6407714783747138,1.1871696591377259,0.3554817275747508,0.2899769177632133,0.33639363756504703,0.3554817275747508
7,6,0.7597110451653947,0.6577008106116433,0.6480783568472553,1.213977861404419,0.3754152823920266,0.3418753622874621,0.6268189854481164,0.3754152823920266
7,7,0.7300916716109874,0.6683861459100958,0.6640154878084144,1.020160686969757,0.4684385382059801,0.4439919670652973,0.6482916057062841,0.4684385382059801
7,8,0.7249788378560266,0.6665438467207074,0.6602181472397843,1.1350491046905518,0.4152823920265781,0.3902074822690429,0.6243170063394782,0.4152823920265781
7,9,0.7045955519343532,0.6742815033161386,0.6689837638632159,0.9544264197349548,0.5415282392026578,0.5175807359020678,0.6729156778990666,0.5415282392026578
7,10,0.691362063552058,0.6938098747236551,0.6889646935357902,1.3765728235244752,0.3654485049833887,0.3194525919556591,0.5906810737643686,0.3654485049833887
7,11,0.6753130430398986,0.6941783345615328,0.6894534061229137,1.339908814430237,0.3953488372093023,0.3668287225828864,0.6277555675658489,0.3953488372093023
7,12,0.6715372856273207,0.6982313927781871,0.6938787929691183,1.304780650138855,0.4219269102990033,0.37997901099295217,0.6355562916703202,0.4219269102990033
7,13,0.6632134505482608,0.709653647752395,0.7047984821594694,1.0391346216201782,0.4950166112956811,0.4859367086529276,0.6338089254609658,0.4950166112956811
7,14,0.6409187171348306,0.7181282240235815,0.7154870469956573,0.9028449773788452,0.584717607973422,0.5588500758550496,0.6717533457817171,0.584717607973422
7,15,0.6446945570236029,0.7151805453205601,0.7114645847855736,1.1614771842956544,0.46511627906976744,0.45341154529675065,0.6222716859191768,0.46511627906976744
7,16,0.6226230984510377,0.7336035372144436,0.730597903575716,0.9423961043357849,0.5813953488372093,0.5830413082423217,0.6513317831345549,0.5813953488372093
7,17,0.6174596873826759,0.7181282240235815,0.715140196378727,0.8414888620376587,0.6212624584717608,0.6074808279114755,0.666402991725375,0.6212624584717608
7,18,0.5817634858364282,0.7417096536477524,0.7386247484456697,1.2563575029373169,0.4717607973421927,0.4545718446307327,0.6356384655379166,0.4717607973421927
7,19,0.5942764240641927,0.7387619749447311,0.7356506097908385,1.0257861375808717,0.5348837209302325,0.5324921074193412,0.6438819308970831,0.5348837209302325
7,20,0.5612742325594259,0.7560795873249816,0.7545067393498407,0.8930501818656922,0.6179401993355482,0.6197465787069071,0.6938352579733973,0.6179401993355482
7,21,0.5599774524222972,0.7571849668386146,0.75464761967207,0.8994065284729004,0.6112956810631229,0.6125181487652215,0.6829233061939171,0.6112956810631229
7,22,0.5566796521807826,0.7549742078113486,0.7525688246138432,1.0534129023551941,0.5614617940199336,0.5553263538092009,0.6670371580776613,0.5614617940199336
7,23,0.5504490234131036,0.7649226234340457,0.7628379298115391,0.8523297786712647,0.627906976744186,0.6290517264538609,0.670404152764055,0.627906976744186
7,24,0.524877387423848,0.7763448784082535,0.7747209925934946,1.087798535823822,0.5514950166112956,0.5370871379988084,0.6643418238102624,0.5514950166112956
7,25,0.5158722047195878,0.7748710390567428,0.7724873421176851,0.9587727189064026,0.5913621262458472,0.5973977343990967,0.6732387688920404,0.5913621262458472
7,26,0.5188386828400368,0.7745025792188651,0.7729248910689258,1.0602990746498109,0.584717607973422,0.586705582092681,0.6628795132904243,0.584717607973422
7,27,0.5069402421629706,0.7844509948415622,0.7826554729693972,0.9869885444641113,0.6013289036544851,0.5979811716777814,0.6831125294482732,0.6013289036544851
7,28,0.48744667200155034,0.7918201915991157,0.7908070927067492,0.9988627433776855,0.5913621262458472,0.586315023063529,0.6740406569323479,0.5913621262458472
7,29,0.48241688276446143,0.789240972733972,0.7873963741593285,0.6807888507843017,0.7043189368770764,0.703993667164319,0.7112827628436285,0.7043189368770764
7,30,0.46634345622949824,0.8006632277081798,0.799687582826548,0.9253642201423645,0.627906976744186,0.623994462317892,0.6847943720657412,0.627906976744186
7,31,0.4469022736992947,0.8120854826823877,0.8109294820728055,0.8746279597282409,0.654485049833887,0.6486856727325649,0.6929284832972314,0.654485049833887
7,32,0.4577667158703471,0.8036109064112011,0.8027460407837083,1.0256232738494873,0.6245847176079734,0.6105810237005703,0.6685969313151533,0.6245847176079734
7,33,0.4683005996914797,0.7988209285187915,0.7972823002074539,0.9019787073135376,0.6312292358803987,0.6306904911556075,0.6719608840692041,0.6312292358803987
7,34,0.43741541685060015,0.813927781871776,0.8132582454093868,0.9901685595512391,0.6411960132890365,0.6376036640058528,0.6889293752009431,0.6411960132890365
7,35,0.45425620675086975,0.8002947678703022,0.7992864070483986,0.8219398617744446,0.6877076411960132,0.6766433540556238,0.7131539556788726,0.6877076411960132
7,36,0.4101855526136797,0.8334561532792926,0.8324666957873127,1.007085633277893,0.6611295681063123,0.6444095351981725,0.7066999943263126,0.6611295681063123
7,37,0.4112631945415985,0.8227708179808401,0.821906180920374,1.0178248047828675,0.6345514950166113,0.6316035231393209,0.6798925212718316,0.6345514950166113
7,38,0.401134556809137,0.8305084745762712,0.8297348327240542,0.9017251849174499,0.7009966777408638,0.6984957574811036,0.7143085774963257,0.7009966777408638
7,39,0.4035721116287764,0.819454679439941,0.8186162190653669,1.1581957697868348,0.6046511627906976,0.603007150601777,0.6696541244945787,0.6046511627906976
7,40,0.38316515989081806,0.8400884303610906,0.8394969778760141,0.8965055584907532,0.6976744186046512,0.6796047826625272,0.7404286136469183,0.6976744186046512
7,41,0.37341749980006106,0.8452468680913781,0.8445920398959382,1.1202219486236573,0.6378737541528239,0.6319246397895396,0.6902428636837338,0.6378737541528239
7,42,0.37911695311235827,0.8375092114959469,0.8368605385112768,0.9518191695213318,0.6644518272425249,0.6603941286065548,0.6723901708657166,0.6644518272425249
7,43,0.3665308817181476,0.843036109064112,0.8424233663564346,0.8859734773635864,0.707641196013289,0.7004109214937905,0.7264975965117298,0.707641196013289
7,44,0.35740452346413637,0.8481945467943994,0.8477597222994329,0.8209861397743226,0.7009966777408638,0.6988348620367718,0.7061174252463197,0.7009966777408638
7,45,0.3751777341199476,0.8382461311717023,0.8376504243321754,0.9263708710670471,0.6777408637873754,0.6738812712783269,0.6895480041612443,0.6777408637873754
7,46,0.3401411591574203,0.8614591009579956,0.860806397047187,1.0459134936332704,0.6644518272425249,0.6555591135305341,0.691611350868092,0.6644518272425249
7,47,0.30209960008776465,0.8761974944731025,0.8759623549227266,0.9206804513931275,0.6910299003322259,0.6870967823211634,0.6966001011122346,0.6910299003322259
7,48,0.30030398313389267,0.8739867354458364,0.8737534430800764,1.0048110842704774,0.6810631229235881,0.6756652265915836,0.6968727077795042,0.6810631229235881
7,49,0.2823500276304955,0.8809874723655121,0.8806454925180068,1.1019708395004273,0.6644518272425249,0.6629475911195075,0.6901109775924223,0.6644518272425249
7,50,0.2665877570939619,0.8846720707442889,0.8844829391041803,1.0141839027404784,0.6910299003322259,0.6851635396654705,0.6978996652086352,0.6910299003322259
7,51,0.261634954186373,0.8905674281503316,0.8904512660447486,0.9968281984329224,0.6943521594684385,0.6892417776610891,0.693336221813359,0.6943521594684385
7,52,0.2830293954804886,0.8769344141488578,0.8767433579452052,1.0332531332969666,0.7009966777408638,0.6946843122021797,0.7126771440139196,0.7009966777408638
7,53,0.2711511621641558,0.8890935887988209,0.8889299323550897,1.042141044139862,0.6611295681063123,0.6568369356040116,0.6722494373096782,0.6611295681063123
7,54,0.26280367824920386,0.8905674281503316,0.8903913594132217,1.11644366979599,0.6877076411960132,0.6842598126332413,0.7083027289171013,0.6877076411960132
7,55,0.2670379021140032,0.8839351510685335,0.8836095008884238,1.0221774101257324,0.6710963455149501,0.6697038011413369,0.6762497330853706,0.6710963455149501
7,56,0.25169757251129593,0.8960943257184967,0.8960087746327867,1.0636111617088317,0.6943521594684385,0.6880530188767506,0.7104950564231561,0.6943521594684385
7,57,0.23646835497645444,0.899042004421518,0.8988046116940317,1.0958305954933167,0.6810631229235881,0.6792832595383976,0.6921148050064913,0.6810631229235881
7,58,0.24886101830837337,0.8994104642593957,0.8992707105016152,1.1204896450042725,0.6943521594684385,0.6853318669234255,0.6975129882395519,0.6943521594684385
7,59,0.2377452190185702,0.8994104642593957,0.8992672706899395,1.2743611574172973,0.6644518272425249,0.6581363720589704,0.6879124847554053,0.6644518272425249
7,60,0.23607629537582397,0.9123065585851142,0.9121574604985685,1.1328346252441406,0.6677740863787376,0.6651102385986106,0.6839896293389643,0.6677740863787376
8,1,0.9694349862808405,0.5350036845983788,0.4253006217279431,1.124231994152069,0.26245847176079734,0.1632702087864035,0.4697493204469949,0.26245847176079734
8,2,0.8709873640260031,0.5876934414148858,0.5617278888522598,1.0527851462364197,0.38205980066445183,0.34187826716105946,0.5461894454613758,0.38205980066445183
8,3,0.8202195819034133,0.6208548268238762,0.6100365863213406,0.9236258149147034,0.4750830564784053,0.45139854879175245,0.5590877163287759,0.4750830564784053
8,4,0.7854634980822719,0.6499631540162122,0.6389336949244552,0.9185599327087403,0.46511627906976744,0.45072426549568834,0.5297454011672255,0.46511627906976744
8,5,0.7655558225720428,0.6529108327192336,0.6450488978756127,0.8413161158561706,0.5647840531561462,0.5596306861809143,0.6195129264670922,0.5647840531561462
8,6,0.7330936567727909,0.6728076639646279,0.6663136430964077,0.8248547554016114,0.574750830564784,0.5726945687856623,0.5921940058526793,0.574750830564784
8,7,0.7172572987024174,0.6868091378039793,0.681741480433306,0.8852672934532165,0.5415282392026578,0.5526814626788497,0.6242436086485335,0.5415282392026578
8,8,0.699396294216777,0.689388356669123,0.6841937539123462,0.8251434445381165,0.5548172757475083,0.5497477933327307,0.5882152299143795,0.5548172757475083
8,9,0.692941183960715,0.6967575534266764,0.6915483133736189,0.9027083873748779,0.5016611295681063,0.4902699936363536,0.60132625160591,0.5016611295681063
8,10,0.6858330951180569,0.6915991156963891,0.6874033029417763,0.8414732456207276,0.5382059800664452,0.5286457896563672,0.5942537700247987,0.5382059800664452
8,11,0.6536657526049503,0.7078113485630066,0.7039717763995245,0.8213737845420838,0.584717607973422,0.5895218239959285,0.6213570802258092,0.584717607973422
8,12,0.657067654437797,0.7037582903463523,0.7000578703865318,0.9543143272399902,0.49169435215946844,0.46565795206604604,0.600228505613505,0.49169435215946844
8,13,0.6347382837949798,0.7214443625644805,0.7181912244836267,0.8730493426322937,0.5382059800664452,0.5308014687737584,0.5979436283248138,0.5382059800664452
8,14,0.6271215559438218,0.7229182019159912,0.7192317263400033,0.8394774675369263,0.5348837209302325,0.5302547306242802,0.5757016211911541,0.5348837209302325
8,15,0.6047390013240105,0.739867354458364,0.7366598567224609,0.9286960005760193,0.5348837209302325,0.5341858789821297,0.6180424737797214,0.5348837209302325
8,16,0.6051632685716762,0.7251289609432572,0.7216124695261164,0.8873825788497924,0.5415282392026578,0.5400357954133849,0.5972142687754607,0.5415282392026578
8,17,0.5974856899228207,0.7336035372144436,0.730743772848111,0.8523252129554748,0.5514950166112956,0.5546641927402628,0.5975628936972768,0.5514950166112956
8,18,0.5862160020096358,0.7505526897568165,0.7487525492387809,0.8581972599029541,0.584717607973422,0.5899724160625984,0.6246634627033298,0.584717607973422
8,19,0.583548019098681,0.7387619749447311,0.7363429373976578,0.832927131652832,0.5880398671096345,0.5907464023340165,0.6253534190028693,0.5880398671096345
8,20,0.5671971939330878,0.7453942520265291,0.742869724636837,0.8188361525535583,0.5980066445182725,0.6020211369532311,0.6276546250132476,0.5980066445182725
8,21,0.5543007774408474,0.7531319086219602,0.7511102522844474,0.8537434935569763,0.5780730897009967,0.5741069753242987,0.6370362098327703,0.5780730897009967
8,22,0.5557509328043738,0.7531319086219602,0.7512980323444935,0.8843585848808289,0.6079734219269103,0.6119421807977685,0.6537640814144423,0.6079734219269103
8,23,0.5566603548304979,0.765659543109801,0.7632460907268129,0.8384100437164307,0.6245847176079734,0.6267442596450417,0.6576192065788149,0.6245847176079734
8,24,0.5132409278736558,0.7866617538688283,0.7854125202571451,0.866456949710846,0.584717607973422,0.5836692435068339,0.6139947059386103,0.584717607973422
8,25,0.5201637557772703,0.7722918201915991,0.7709010955729841,0.8745989799499512,0.6146179401993356,0.6129669912005945,0.6480426678697685,0.6146179401993356
8,26,0.522285861331363,0.7693441414885778,0.7682491098376328,1.0201646447181703,0.5647840531561462,0.5566511072297602,0.6513592190171282,0.5647840531561462
8,27,0.4887613092744073,0.789240972733972,0.7878094625105782,0.8691660761833191,0.6212624584717608,0.6225179119644904,0.655277781575025,0.6212624584717608
8,28,0.4794866560503494,0.7918201915991157,0.7906153959563402,0.8504145860671997,0.6179401993355482,0.62085063668984,0.643115675826173,0.6179401993355482
8,29,0.46185406072195184,0.8069270449521002,0.8061385286912851,0.9182102918624878,0.5980066445182725,0.5982343273737224,0.634196263560231,0.5980066445182725
8,30,0.48295982701833856,0.7951363301400147,0.7937368763202914,1.0235175967216492,0.5681063122923588,0.5772015796035932,0.6284698071971189,0.5681063122923588
8,31,0.46727131896240764,0.8006632277081798,0.7996689535750842,0.9056885242462158,0.6212624584717608,0.6255906069674415,0.6540191972352152,0.6212624584717608
8,32,0.4389213774093362,0.8205600589535741,0.8195666523302408,0.9142506122589111,0.6179401993355482,0.6187070021307759,0.6358658941226392,0.6179401993355482
8,33,0.43751963834429897,0.8135593220338984,0.8128849023781689,0.8072962164878845,0.6578073089700996,0.6611581087940244,0.668756008573946,0.6578073089700996
8,34,0.451000370951586,0.8061901252763449,0.8054238192436364,0.8298599720001221,0.6710963455149501,0.6725289122930788,0.6783583188212515,0.6710963455149501
8,35,0.42393567326457,0.8120854826823877,0.8109391134144913,0.8507462263107299,0.6378737541528239,0.6386562127777287,0.6457121140773671,0.6378737541528239
8,36,0.412082738654558,0.8231392778187178,0.8225362878698522,0.9310226559638977,0.6345514950166113,0.6387848513478013,0.6658408724314469,0.6345514950166113
8,37,0.41065390096154325,0.8246131171702284,0.8242343038515445,0.8954998612403869,0.6511627906976745,0.6527544013771572,0.6682561806853985,0.6511627906976745
8,38,0.3987553975609846,0.8235077376565955,0.8224485528626678,0.9545194149017334,0.6378737541528239,0.6396951457295076,0.6526279921628759,0.6378737541528239
8,39,0.38130438397097033,0.8349299926308033,0.8343346967005911,1.0708325028419494,0.5980066445182725,0.604547476285229,0.641841364297422,0.5980066445182725
8,40,0.37750513609065567,0.8437730287398674,0.8433397528219735,1.1065873384475708,0.5980066445182725,0.6026236075825678,0.6370512292903884,0.5980066445182725
8,41,0.3775462560182394,0.8334561532792926,0.8329801336250703,0.9183497667312622,0.6146179401993356,0.6161199733326942,0.637170264638979,0.6146179401993356
8,42,0.37351263331812484,0.8511422254974208,0.8506333086435942,0.9515653848648071,0.6445182724252492,0.646730418216768,0.6533984596421626,0.6445182724252492
8,43,0.3864557479703149,0.8146647015475313,0.8142706924613143,0.9707261323928833,0.627906976744186,0.6310246427649571,0.6436285618445738,0.627906976744186
8,44,0.3522252156290897,0.8456153279292558,0.8453313927021315,0.9295885801315308,0.6478405315614618,0.6507774770887829,0.6634109402562385,0.6478405315614618
8,45,0.34122819470804794,0.8581429624170965,0.8577928875898919,0.8820175528526306,0.6611295681063123,0.6633701180233316,0.6725268007009438,0.6611295681063123
8,46,0.3380748615708462,0.8585114222549742,0.8582831753142249,0.9327000260353089,0.6445182724252492,0.6487282779599011,0.6647614720704422,0.6445182724252492
8,47,0.34663374271503716,0.8563006632277081,0.8558990161553773,0.9961548089981079,0.6212624584717608,0.6222031698400792,0.6419587166278522,0.6212624584717608
8,48,0.3095342343629793,0.8658806190125277,0.8656147314828074,0.9759949922561646,0.6345514950166113,0.6360216729114327,0.6383167220376522,0.6345514950166113
8,49,0.3413716474937838,0.8533529845246868,0.8530436764422107,0.9856406450271606,0.6179401993355482,0.6198119217246174,0.6271751042820986,0.6179401993355482
8,50,0.2865884948608487,0.8813559322033898,0.881160847231723,0.984621000289917,0.6312292358803987,0.635342446103823,0.6515867416374499,0.6312292358803987
8,51,0.2684058391077574,0.8872512896094326,0.8870854025181228,1.057456862926483,0.6179401993355482,0.6232301452846655,0.6364847301291952,0.6179401993355482
8,52,0.2701751284821089,0.8835666912306559,0.883330562477925,1.1125747799873351,0.6511627906976745,0.6583680278116545,0.6792036808800312,0.6511627906976745
8,53,0.258415064492891,0.8865143699336773,0.8863733461493206,1.0725181818008422,0.6345514950166113,0.6388305373716929,0.6495901790084856,0.6345514950166113
8,54,0.2389785948880883,0.900147383935151,0.9000176389373508,1.1673856973648071,0.6378737541528239,0.6429012421026543,0.666122083848726,0.6378737541528239
8,55,0.24063638822976932,0.9042004421518055,0.9041024717825121,1.051221239566803,0.6511627906976745,0.6546018676456586,0.6661946419861803,0.6511627906976745
8,56,0.22134657723959103,0.9108327192336035,0.910801142750018,1.0565727949142456,0.6644518272425249,0.6673028857934518,0.6744450721489286,0.6644518272425249
8,57,0.23101362828598465,0.9056742815033162,0.9055469707207953,1.0919379472732544,0.6411960132890365,0.6453603053715252,0.6612443944152128,0.6411960132890365
8,58,0.233110687413881,0.9016212232866617,0.9015829419210234,1.1410389304161073,0.6478405315614618,0.651223870741421,0.664352961414167,0.6478405315614618
8,59,0.2360493873440942,0.8968312453942521,0.8967183903195065,1.1389533042907716,0.6345514950166113,0.6370525399262176,0.6574341590532928,0.6345514950166113
8,60,0.21800709862348644,0.9123065585851142,0.9122205403996302,1.1857279658317565,0.6478405315614618,0.6516414822516435,0.6672469578587352,0.6478405315614618
9,1,0.9750012783117072,0.5254237288135594,0.42620909972668064,1.118372869491577,0.27906976744186046,0.18227026051923453,0.27078819394289566,0.27906976744186046
9,2,0.8837034951808841,0.5777450257921887,0.5454562392806311,1.0649816632270812,0.33222591362126247,0.284138746448673,0.46798529136813294,0.33222591362126247
9,3,0.8356106780296149,0.6153279292557111,0.5984408314717732,0.8419248700141907,0.627906976744186,0.6259421217786948,0.6299637805857384,0.627906976744186
9,4,0.8133610916692157,0.6285924834193073,0.6192485717283623,0.8482835292816162,0.6046511627906976,0.6076363843525349,0.6251627242200044,0.6046511627906976
9,5,0.7666629954826,0.6584377302873987,0.6482755939354636,0.7853064417839051,0.6445182724252492,0.6452947636029733,0.6485106007350698,0.6445182724252492
9,6,0.7459104199742161,0.6621223286661754,0.6538259749470905,0.7609228134155274,0.6312292358803987,0.6314011115768559,0.6323000574436962,0.6312292358803987
9,7,0.7280911179476006,0.6809137803979366,0.6749819438545805,0.7884394288063049,0.6146179401993356,0.6120071003791935,0.6287603648000123,0.6146179401993356
9,8,0.7143283666566361,0.683861459100958,0.67721252491111,0.7289641499519348,0.6777408637873754,0.673129941770642,0.6806427932009328,0.6777408637873754
9,9,0.6921660927839057,0.6963890935887989,0.6901269554732324,0.8334152579307557,0.6112956810631229,0.6062998540079049,0.6242987893494564,0.6112956810631229
9,10,0.6875096157539723,0.7059690493736183,0.7011845708770749,0.7495356798171997,0.654485049833887,0.6547287615253703,0.6599274394226181,0.654485049833887
9,11,0.6907481953155162,0.6915991156963891,0.687059249948159,0.7387708902359009,0.6511627906976745,0.6525216326361016,0.6573895217764025,0.6511627906976745
9,12,0.6590270531731982,0.7170228445099485,0.7126549629760209,0.803738796710968,0.6677740863787376,0.6687037162594828,0.6814396658926383,0.6677740863787376
9,13,0.6463400645311489,0.7144436256448047,0.7095161819804952,0.749949324131012,0.6411960132890365,0.6420014094432699,0.6605385828009721,0.6411960132890365
9,14,0.6419522880121719,0.7214443625644805,0.7171087842293562,0.7125496983528137,0.6810631229235881,0.6829814671688691,0.6914008374120237,0.6810631229235881
9,15,0.6214460481044858,0.7321296978629329,0.7276632843107195,0.7421807765960693,0.6478405315614618,0.6504608421164532,0.6640481436671952,0.6478405315614618
9,16,0.616730390593063,0.7313927781871776,0.7277653168212251,0.7456362009048462,0.6744186046511628,0.6737907450309409,0.6845341018471188,0.6744186046511628
9,17,0.6049534338851308,0.7428150331613854,0.7399271875155872,0.8367029190063476,0.6212624584717608,0.6204551282266616,0.6759865355306295,0.6212624584717608
9,18,0.5942277949909831,0.7476050110537952,0.7445844352089737,0.8744668245315552,0.6079734219269103,0.5987560288661881,0.6651551984479784,0.6079734219269103
9,19,0.5760487581408301,0.7494473102431835,0.7468597370520021,0.782151174545288,0.6345514950166113,0.6395910365480292,0.6621549347573266,0.6345514950166113
9,20,0.5700413875801619,0.7450257921886514,0.7422808886378378,0.7895279884338379,0.6046511627906976,0.5975624833646732,0.6377879876545008,0.6046511627906976
9,21,0.5618634840776754,0.759027266028003,0.7562696113066045,0.8079354882240295,0.6312292358803987,0.6321641537118279,0.6796392975794968,0.6312292358803987
9,22,0.5430680846059045,0.7693441414885778,0.7673888024609554,0.7521621704101562,0.6744186046511628,0.6748160145935448,0.6812187095700272,0.6744186046511628
9,23,0.5344251934872117,0.7737656595431098,0.7719325770487768,0.7364034652709961,0.6710963455149501,0.6698480482219912,0.6936012314529001,0.6710963455149501
9,24,0.5307405348434004,0.7733971997052321,0.7712949008186907,0.9596349716186523,0.5780730897009967,0.5602057411019199,0.6682753780335375,0.5780730897009967
9,25,0.5084364164707272,0.7774502579218865,0.7759771688415896,0.8113229990005493,0.6345514950166113,0.6343351983714617,0.6563380379804519,0.6345514950166113
9,26,0.5095761404481045,0.7737656595431098,0.7722797082606071,0.7718881964683533,0.6445182724252492,0.6460452629349271,0.6510698743958769,0.6445182724252492
9,27,0.5020179582196612,0.7848194546794399,0.7829543720788588,0.7109538197517395,0.6744186046511628,0.6752902718946924,0.6791099051780501,0.6744186046511628
9,28,0.5002762564392977,0.7862932940309506,0.7846758959141329,0.7940032601356506,0.6677740863787376,0.6733406083290032,0.69177098519869,0.6677740863787376
9,29,0.467996604913889,0.8091378039793663,0.8076669817696638,0.7972566485404968,0.6578073089700996,0.6550233222673404,0.6880479533238834,0.6578073089700996
9,30,0.45559811522794325,0.81171702284451,0.8104027877161579,0.7952267527580261,0.6578073089700996,0.6601178603581334,0.6699471471780829,0.6578073089700996
9,31,0.46052866411763566,0.8061901252763449,0.8047363769641501,0.8094920873641968,0.6511627906976745,0.6517090310948996,0.6697893099886455,0.6511627906976745
9,32,0.4666203087152437,0.7995578481945468,0.7981212415606989,0.7792484760284424,0.6478405315614618,0.6480565994390718,0.6630461678140515,0.6478405315614618
9,33,0.43545283723709194,0.815033161385409,0.813537190536242,0.7290984988212585,0.6877076411960132,0.6881298140162037,0.689782072477011,0.6877076411960132
9,34,0.4223234556442083,0.8176123802505527,0.8168176857571222,0.777199900150299,0.6976744186046512,0.6987302668973986,0.7004509336161929,0.6976744186046512
9,35,0.4466020159943159,0.8113485630066323,0.8105107311561993,0.8022446513175965,0.6877076411960132,0.6867950280887549,0.6882310212601646,0.6877076411960132
9,36,0.4162020232788352,0.8227708179808401,0.8221519124794955,0.743881106376648,0.707641196013289,0.7073429226944484,0.7120093648862397,0.707641196013289
9,37,0.4006923076718353,0.8327192336035372,0.8321110149704811,0.8355342864990234,0.6677740863787376,0.6666861066059361,0.6804499753282374,0.6677740863787376
9,38,0.39447010949600575,0.8316138540899042,0.8308480880516368,0.8027619481086731,0.6777408637873754,0.6771468143854308,0.6885154227264716,0.6777408637873754
9,39,0.40489887012991793,0.8260869565217391,0.8250930991828112,0.7210741162300109,0.717607973421927,0.7188069371618809,0.7210458719360349,0.717607973421927
9,40,0.38734511545924255,0.8345615327929256,0.8339742394720355,0.80632643699646,0.6744186046511628,0.6757080662305158,0.6937336185898326,0.6744186046511628
9,41,0.38107479866160904,0.8386145910095799,0.8379939267953894,0.8151988387107849,0.6810631229235881,0.6795419172783267,0.6848397782809957,0.6810631229235881
9,42,0.36878551230874174,0.846352247605011,0.845651019816171,0.7763477087020874,0.6910299003322259,0.6925461488190406,0.6953281516605011,0.6910299003322259
9,43,0.3683418288480404,0.8511422254974208,0.850560801046829,0.8720355153083801,0.6578073089700996,0.6572436682750002,0.6658723145564728,0.6578073089700996
9,44,0.32429481419019923,0.8680913780397936,0.8676747855805343,0.8988162040710449,0.6611295681063123,0.6610513075422298,0.6821850353411816,0.6611295681063123
9,45,0.32303860575653787,0.8677229182019159,0.8672135542191819,0.813595449924469,0.6810631229235881,0.682031764743372,0.6961932633297904,0.6810631229235881
9,46,0.31076832323573356,0.8725128960943257,0.8720765896154901,0.8774661183357239,0.6710963455149501,0.6705784325272813,0.6839160726381317,0.6710963455149501
9,47,0.3136410162199375,0.8739867354458364,0.8736502323438371,0.8358413338661194,0.6777408637873754,0.6772830304630184,0.6831237838116319,0.6777408637873754
9,48,0.3146869969922443,0.8703021370670597,0.8699823719996227,0.8735210418701171,0.6744186046511628,0.6776715187218408,0.6870673265743256,0.6744186046511628
9,49,0.2919588820185772,0.8798820928518791,0.8795565338963822,0.8374947667121887,0.6976744186046512,0.6965633680082784,0.699566136129678,0.6976744186046512
9,50,0.2917217549889587,0.8809874723655121,0.8806116322080223,0.9044259786605835,0.6411960132890365,0.6403809248674192,0.6572709227275308,0.6411960132890365
9,51,0.29668319745119226,0.8776713338246132,0.8774963315049292,0.8986419916152955,0.6710963455149501,0.6705831237122685,0.6847852117156407,0.6710963455149501
9,52,0.27143948126670925,0.8894620486366986,0.889206272709185,0.8765048146247864,0.6744186046511628,0.6746921472707137,0.6838109490574759,0.6744186046511628
9,53,0.26557305247284646,0.8894620486366986,0.8891270579689238,0.8655932426452637,0.6877076411960132,0.6878242173762791,0.6889907205865505,0.6877076411960132
9,54,0.26803575213565384,0.8920412675018423,0.8918651923354305,0.8595262765884399,0.6677740863787376,0.6682925574948352,0.672399469500819,0.6677740863787376
9,55,0.2577252057056094,0.8971997052321297,0.896983641807924,1.0197989344596863,0.6611295681063123,0.659273958084883,0.6743481611087105,0.6611295681063123
9,56,0.24879815810641578,0.8983050847457628,0.8982004558583195,0.875741970539093,0.6843853820598007,0.6840884612758484,0.688814350025313,0.6843853820598007
9,57,0.24014624883962232,0.9045689019896831,0.9044593738541635,0.9904220700263977,0.6511627906976745,0.6503101481933868,0.6616644455513939,0.6511627906976745
9,58,0.24337440538544988,0.9064112011790715,0.906270882890672,0.9770703077316284,0.6478405315614618,0.6485333907740256,0.6648192581872472,0.6478405315614618
9,59,0.2600772512513538,0.8971997052321297,0.8968433356538743,0.9155118465423584,0.6677740863787376,0.6673782431683305,0.6737731303851868,0.6677740863787376
9,60,0.22788674297720887,0.9060427413411938,0.9059298624513435,0.8940086126327514,0.7009966777408638,0.7010893297687996,0.7014573751277063,0.7009966777408638
10,1,0.9914034632749336,0.5298452468680914,0.43083964009204667,1.0771518349647522,0.40863787375415284,0.34501968871011424,0.6035904643518731,0.40863787375415284
10,2,0.8755554695462071,0.5821665438467207,0.5560658850637847,1.0765557527542113,0.3588039867109635,0.325780245489588,0.5344174721524401,0.3588039867109635
10,3,0.8191215298896612,0.6156963890935888,0.5981586523864377,0.9362105607986451,0.5282392026578073,0.5289545545215053,0.553427923940455,0.5282392026578073
10,4,0.7791261548219726,0.6418570375829035,0.6338837546415691,0.8970974683761597,0.5647840531561462,0.5647204814160731,0.5650374672779015,0.5647840531561462
10,5,0.7601738100828126,0.6577008106116433,0.6489227509031629,0.9471435308456421,0.5448504983388704,0.5274412718034753,0.5984336897616619,0.5448504983388704
10,6,0.7252681962279386,0.6757553426676493,0.6700417752836537,0.8715768694877625,0.5647840531561462,0.5636453115844039,0.5696141378566083,0.5647840531561462
10,7,0.7126133691432864,0.6897568165070007,0.6829563352305815,0.8441461563110352,0.6146179401993356,0.61313915031574,0.6348717560113746,0.6146179401993356
10,8,0.6863541007041931,0.6934414148857775,0.6882741964330223,1.0485687017440797,0.5182724252491694,0.5095630081168979,0.5692824355615054,0.5182724252491694
10,9,0.6665150273677914,0.706337509211496,0.7017527745692479,0.8571840763092041,0.584717607973422,0.5844444481346265,0.5889487523934838,0.584717607973422
10,10,0.6692521627559218,0.7056005895357406,0.70141538003726,0.8869899988174439,0.6013289036544851,0.5968498289610699,0.6298339621588674,0.6013289036544851
10,11,0.6354222020437551,0.7159174649963154,0.7119621872676222,0.8036221385002136,0.6212624584717608,0.6191381127820221,0.6254021295668971,0.6212624584717608
10,12,0.6453885643981224,0.7103905674281503,0.7073205505020118,0.8332451105117797,0.6179401993355482,0.61558511063715,0.6163165328923523,0.6179401993355482
10,13,0.6159068228200425,0.7284450994841563,0.7244524399374325,1.001889133453369,0.5980066445182725,0.59124901500736,0.6393931260346712,0.5980066445182725
10,14,0.6132486351700717,0.7288135593220338,0.7251548500567842,0.902935528755188,0.5946843853820598,0.59284708621184,0.6052108336380062,0.5946843853820598
10,15,0.5885247567365336,0.7413411938098747,0.7391918322938766,0.9131749153137207,0.6312292358803987,0.6276925839371684,0.6489984177687554,0.6312292358803987
10,16,0.5926663300325704,0.7417096536477524,0.7390714107138957,0.842238438129425,0.6478405315614618,0.6409928288730724,0.6541290843021647,0.6478405315614618
10,17,0.5617620834084445,0.7605011053795137,0.7581059804839902,1.0043736577033997,0.6046511627906976,0.6016449451833614,0.6202512166503165,0.6046511627906976
10,18,0.5711910592955213,0.7542372881355932,0.7525370729684988,0.9572575211524963,0.6112956810631229,0.5952276287112823,0.6372716810473308,0.6112956810631229
10,19,0.5390316019224566,0.7708179808400885,0.7682420930326442,0.9262936234474182,0.627906976744186,0.6214681286888448,0.6418216613870972,0.627906976744186
10,20,0.5413649893084238,0.7763448784082535,0.7741621971685461,0.9212229609489441,0.6079734219269103,0.6084657672782787,0.6174370247110236,0.6079734219269103
10,21,0.5282382133395173,0.7800294767870302,0.7780270858067653,0.9342651844024659,0.6212624584717608,0.6176004100049332,0.6270581315868954,0.6212624584717608
10,22,0.5258804795353912,0.7792925571112749,0.7773192339975936,0.9206786274909973,0.6312292358803987,0.6284645160547565,0.6393229124005649,0.6312292358803987
10,23,0.4990315707617028,0.7851879145173176,0.7837794056156105,0.91630699634552,0.6378737541528239,0.6354235165673964,0.6447587696671985,0.6378737541528239
10,24,0.5304345966771592,0.7700810611643331,0.7687065042362256,0.8776592373847961,0.654485049833887,0.6533015542399846,0.6540221453994808,0.654485049833887
10,25,0.49017715939255646,0.7932940309506263,0.7918703405656384,0.9724439144134521,0.627906976744186,0.6287514349806709,0.636694116070639,0.627906976744186
10,26,0.4792259675125743,0.8032424465733236,0.8020872700086686,0.9589161157608033,0.6378737541528239,0.635835372583558,0.6367130710623417,0.6378737541528239
10,27,0.4693494598532832,0.7940309506263817,0.7928585905576081,1.0748430609703064,0.6146179401993356,0.6006804270166426,0.6329314801775022,0.6146179401993356
10,28,0.43496843132861823,0.8168754605747973,0.8157939619038751,1.011805033683777,0.6411960132890365,0.6357658044268498,0.6501763496096112,0.6411960132890365
10,29,0.40659874192504,0.8308769344141489,0.8299657169554907,1.0712040901184081,0.6245847176079734,0.6243437056274717,0.6356712356087962,0.6245847176079734
10,30,0.41260835736296897,0.8290346352247605,0.8285435037847294,1.0566344141960144,0.6013289036544851,0.5994432371071644,0.6024413343154792,0.6013289036544851
10,31,0.4114150342553161,0.8301400147383935,0.8292606982815056,1.02204749584198,0.6345514950166113,0.6335527758632752,0.6395996976549363,0.6345514950166113
10,32,0.4153895988020786,0.8249815770081061,0.8241950228377717,1.0426862359046936,0.6212624584717608,0.6219491905004486,0.6251568731980781,0.6212624584717608
10,33,0.40572395643522574,0.8301400147383935,0.829064573440319,1.0915945768356323,0.6378737541528239,0.6378501812417253,0.6459181759725646,0.6378737541528239
10,34,0.39860277293726454,0.8312453942520265,0.8306998524433292,1.0794331431388855,0.6511627906976745,0.651861968066019,0.6573431417151655,0.6511627906976745
10,35,0.3926175600567529,0.8382461311717023,0.8374206151993986,1.031539511680603,0.6378737541528239,0.6379983329040166,0.6383705702154012,0.6378737541528239
10,36,0.3667861736098001,0.846352247605011,0.8457672638309885,1.0931228280067444,0.6312292358803987,0.6296096953033602,0.6325718710307395,0.6312292358803987
10,37,0.37573224167491115,0.8382461311717023,0.8374721978532037,1.1126510381698609,0.6411960132890365,0.6414851404608657,0.6426279680083349,0.6411960132890365
10,38,0.3731407003347264,0.8441414885777451,0.8434890312782591,1.1361615777015686,0.6511627906976745,0.6496049244350135,0.657713976855119,0.6511627906976745
10,39,0.36954373190569323,0.8478260869565217,0.8472441779693616,1.1077348589897156,0.6378737541528239,0.6340269654281031,0.641088836996303,0.6378737541528239
10,40,0.37051790606143864,0.8515106853352985,0.8507172985998134,1.2083115339279176,0.627906976744186,0.62761695368183,0.6409924194827387,0.627906976744186
10,41,0.3449201951193255,0.8559322033898306,0.8555243075340133,1.0590105652809143,0.6445182724252492,0.6441793823577655,0.6446995697477107,0.6445182724252492
10,42,0.3639455219340879,0.8456153279292558,0.8449050315103164,1.1124762177467347,0.6445182724252492,0.6429532085422962,0.6436521869102341,0.6445182724252492
10,43,0.33443971498067987,0.8614591009579956,0.86103585843517,1.2107563257217406,0.6445182724252492,0.642291659968868,0.651341967435254,0.6445182724252492
10,44,0.31998990406823713,0.8706705969049373,0.8700828585386365,1.1520970821380616,0.6478405315614618,0.6479852939878864,0.649969288867027,0.6478405315614618
10,45,0.3100401149239651,0.8743551952837141,0.8737915603937861,1.1774892926216125,0.6478405315614618,0.6474939914112946,0.6506757898920534,0.6478405315614618
10,46,0.3147968940956648,0.8677229182019159,0.8673612678992801,1.2481390714645386,0.6445182724252492,0.6449127859559253,0.6544447548125212,0.6445182724252492
10,47,0.30164344435514406,0.872144436256448,0.8719293109936509,1.1904345631599427,0.6511627906976745,0.6516349324189381,0.654905407475012,0.6511627906976745
10,48,0.30647895398528074,0.8680913780397936,0.8677648903756294,1.212852144241333,0.6677740863787376,0.6681664706675181,0.6747284437397021,0.6677740863787376
10,49,0.2982997367548388,0.8791451731761238,0.8788726654666482,1.1856539249420166,0.6511627906976745,0.6494808390292099,0.6545484459646099,0.6511627906976745
10,50,0.29661718322787173,0.8769344141488578,0.876548582454574,1.1337319135665893,0.6578073089700996,0.6572975751206355,0.660358690122661,0.6578073089700996
10,51,0.309591599675112,0.8761974944731025,0.8759119421193691,1.2075998187065125,0.6611295681063123,0.6621167879666042,0.6666691294236244,0.6611295681063123
10,52,0.29376144880472227,0.8802505526897568,0.8799472032614784,1.1461908578872682,0.6611295681063123,0.6613786407503278,0.6625054654005553,0.6611295681063123
10,53,0.293866062580153,0.8828297715549005,0.8824587328431064,1.1808910369873047,0.6478405315614618,0.6461352825915375,0.6510508606420782,0.6478405315614618
10,54,0.2994772954735645,0.8802505526897568,0.8799991200896123,1.1863701701164246,0.6478405315614618,0.6477245389052001,0.6496568688606151,0.6478405315614618
10,55,0.2954510717197906,0.8754605747973471,0.8750605472189481,1.1710391521453858,0.6511627906976745,0.6497754797805612,0.6553293728837615,0.6511627906976745
10,56,0.2729626058839088,0.8894620486366986,0.8891982193725405,1.2042359828948974,0.6445182724252492,0.6444761350614078,0.6454992560736836,0.6445182724252492
10,57,0.28135941194933517,0.8843036109064112,0.8841152928226497,1.192059862613678,0.6677740863787376,0.666784567969229,0.6729068386918482,0.6677740863787376
10,58,0.27299230528432267,0.8894620486366986,0.8891580090881626,1.2220322251319886,0.6478405315614618,0.6481927697741552,0.6515014002336961,0.6478405315614618
10,59,0.2593826457511547,0.8883566691230655,0.8881076708948856,1.2633890151977538,0.6445182724252492,0.6458190263112368,0.6508184669216523,0.6445182724252492
10,60,0.24825565794179605,0.9008843036109064,0.9005984762399821,1.2719505906105042,0.6478405315614618,0.6478536079225565,0.6523206508965549,0.6478405315614618
